dataset,trial,n_layer,n_units,learning_rate,decroissant,batch_size,criterion,activation,optimizer,mae,rmse,r2
ALSFRS_R_FIXED_9_15M,trial_54,2.0,512.0,0.0009987560806947945,0.0,16,Huber,sigmoid,Adam,3.109496593475342,4.096653938293457,0.7983863353729248
ALSFRS_R_FIXED_9_15M,trial_53,2.0,512.0,0.0007172098427910398,0.0,16,Huber,sigmoid,Adam,3.1499006748199463,4.004694938659668,0.8022187948226929
ALSFRS_R_FIXED_9_15M,trial_65,2.0,512.0,0.0007551738887830123,1.0,16,Huber,sigmoid,Adam,3.085008382797241,3.9719719886779785,0.8111633658409119
ALSFRS_R_FIXED_9_15M,trial_91,2.0,512.0,0.0009284711608810855,1.0,16,Huber,sigmoid,Adam,3.0417277812957764,3.8207647800445557,0.8257384300231934
ALSFRS_R_FIXED_9_15M,trial_62,2.0,512.0,0.0008622633258320518,1.0,16,Huber,sigmoid,Adam,3.26370906829834,4.2047224044799805,0.7765783667564392
ALSFRS_R_FIXED_9_15M,trial_31,2.0,256.0,0.000491112427587865,0.0,16,MAE,sigmoid,Adam,3.2614173889160156,4.182265758514404,0.7955775856971741
ALSFRS_R_FIXED_9_15M,trial_63,2.0,512.0,0.0008514126578819353,1.0,16,Huber,sigmoid,Adam,3.25575590133667,4.217456340789795,0.7894220352172852
ALSFRS_R_FIXED_9_15M,trial_97,2.0,512.0,0.0007852647909158838,1.0,16,Huber,sigmoid,Adam,3.1054210662841797,3.929245710372925,0.813187301158905
ALSFRS_R_FIXED_9_15M,trial_90,2.0,512.0,0.000524141444112006,1.0,16,Huber,ReLU,Adam,3.753059148788452,4.613921642303467,0.7304396629333496
ALSFRS_R_FIXED_9_15M,trial_64,2.0,512.0,0.0007797835057104929,1.0,16,Huber,sigmoid,Adam,3.231966972351074,4.203008651733398,0.7851676344871521
ALSFRS_R_FIXED_9_15M,trial_52,2.0,512.0,0.0006565563543340023,0.0,16,MAE,sigmoid,Adam,3.1874468326568604,4.105246543884277,0.7924554944038391
ALSFRS_R_FIXED_9_15M,trial_55,2.0,512.0,0.0008810602849851183,1.0,16,Huber,sigmoid,Adam,3.271791934967041,4.159805774688721,0.7844576239585876
ALSFRS_R_FIXED_9_15M,trial_39,2.0,512.0,0.0004913893124082417,0.0,16,MAE,sigmoid,Adam,3.104790449142456,4.036746978759766,0.806857168674469
ALSFRS_R_FIXED_9_15M,trial_15,2.0,256.0,0.00041201607827561534,0.0,32,MAE,sigmoid,Adam,3.29616641998291,4.288978099822998,0.8126547336578369
ALSFRS_R_FIXED_9_15M,trial_12,3.0,256.0,0.0009978351189394103,0.0,32,Huber,ReLU,Adam,3.833815574645996,4.576198577880859,0.7795798778533936
ALSFRS_R_FIXED_9_15M,trial_24,2.0,256.0,0.0006596809663793666,0.0,32,MAE,sigmoid,Adam,3.0236496925354004,3.938646078109741,0.8396198153495789
ALSFRS_R_FIXED_9_15M,trial_23,2.0,256.0,0.0006127720372339586,0.0,32,MAE,sigmoid,Adam,3.1499109268188477,4.041247844696045,0.831257164478302
ALSFRS_R_FIXED_9_15M,trial_5,1.0,32.0,1.581260799356223e-05,1.0,16,MAE,ReLU,Adam,13.705294609069824,15.385963439941406,-1.7493865489959717
ALSFRS_R_FIXED_9_15M,trial_70,2.0,512.0,0.0009934175965794166,1.0,64,Huber,ReLU,Adam,3.859074354171753,4.740828990936279,0.7716950178146362
ALSFRS_R_FIXED_9_15M,trial_2,3.0,32.0,2.299467220515143e-05,1.0,128,MAE,sigmoid,Adam,25.252431869506836,27.273193359375,-5.999416828155518
ALSFRS_R_FIXED_9_15M,trial_46,2.0,512.0,0.000340215375855943,1.0,16,Huber,sigmoid,Adam,3.1128342151641846,4.049644947052002,0.8067675232887268
ALSFRS_R_FIXED_9_15M,trial_41,2.0,512.0,0.0004870005488770891,0.0,16,MAE,sigmoid,Adam,2.92270827293396,3.830066442489624,0.8241418600082397
ALSFRS_R_FIXED_9_15M,trial_13,3.0,256.0,0.0009726962491541496,0.0,32,Huber,ReLU,Adam,3.808054208755493,4.6163859367370605,0.7800090909004211
ALSFRS_R_FIXED_9_15M,trial_14,2.0,256.0,0.00037929524437760374,0.0,32,Huber,tanh,Adam,6.871203899383545,9.539507865905762,0.04382866993546486
ALSFRS_R_FIXED_9_15M,trial_3,1.0,512.0,0.0001643036002464891,0.0,64,MSE,tanh,Adam,9.151177406311035,11.61409854888916,-0.3132930397987366
ALSFRS_R_FIXED_9_15M,trial_82,2.0,512.0,0.0009031452765707903,1.0,16,Huber,sigmoid,Adam,3.165015935897827,4.03562068939209,0.7967942953109741
ALSFRS_R_FIXED_9_15M,trial_4,1.0,512.0,8.250010876971979e-05,0.0,32,MSE,ReLU,Adam,3.9376277923583984,5.038454532623291,0.7276851534843445
ALSFRS_R_FIXED_9_15M,trial_32,2.0,256.0,0.0005253837901074671,0.0,16,MAE,sigmoid,Adam,3.0027520656585693,3.873533248901367,0.8191019892692566
ALSFRS_R_FIXED_9_15M,trial_57,2.0,512.0,0.0009789305004228822,1.0,16,Huber,ReLU,Adam,3.96144437789917,4.795032501220703,0.7170905470848083
ALSFRS_R_FIXED_9_15M,trial_61,2.0,512.0,0.0009077394418700054,1.0,16,Huber,sigmoid,Adam,3.2549211978912354,4.19120454788208,0.7849851846694946
ALSFRS_R_FIXED_9_15M,trial_58,2.0,512.0,0.0008976351909188309,1.0,16,Huber,sigmoid,Adam,3.053374767303467,3.9577198028564453,0.8109883069992065
ALSFRS_R_FIXED_9_15M,trial_93,2.0,512.0,0.0008960863661517308,1.0,16,Huber,sigmoid,Adam,3.1728179454803467,4.0855488777160645,0.799492597579956
ALSFRS_R_FIXED_9_15M,trial_56,2.0,512.0,0.00098069075695706,1.0,16,Huber,sigmoid,Adam,3.128936290740967,3.930933952331543,0.8119236826896667
ALSFRS_R_FIXED_9_15M,trial_73,2.0,512.0,0.0007759664685066203,1.0,16,Huber,sigmoid,Adam,3.0488181114196777,3.9543075561523438,0.8074104189872742
ALSFRS_R_FIXED_9_15M,trial_1,1.0,64.0,4.481577088851414e-05,0.0,128,MSE,tanh,Adam,24.939111709594727,25.813941955566406,-5.270447731018066
ALSFRS_R_FIXED_9_15M,trial_74,2.0,512.0,0.0007754352443930009,1.0,16,Huber,sigmoid,Adam,3.2340261936187744,4.23174524307251,0.7842408418655396
ALSFRS_R_FIXED_9_15M,trial_42,2.0,512.0,0.00034369841887048867,0.0,16,MAE,sigmoid,Adam,3.106436252593994,4.037639141082764,0.8095226287841797
ALSFRS_R_FIXED_9_15M,trial_45,2.0,512.0,0.00023448144951598952,0.0,16,MAE,ReLU,Adam,3.775604724884033,4.634687423706055,0.7440909147262573
ALSFRS_R_FIXED_9_15M,trial_11,3.0,256.0,0.0007780685287393868,0.0,32,Huber,ReLU,Adam,3.799470901489258,4.687067985534668,0.7719947695732117
ALSFRS_R_FIXED_9_15M,trial_29,2.0,256.0,0.0006147228851158867,0.0,16,MAE,sigmoid,Adam,3.09047269821167,3.954803705215454,0.8161655068397522
ALSFRS_R_FIXED_9_15M,trial_20,2.0,256.0,0.00030164841428749755,0.0,32,MAE,sigmoid,Adam,3.258527994155884,4.215729713439941,0.8180793523788452
ALSFRS_R_FIXED_9_15M,trial_9,2.0,256.0,0.00015240229557912416,0.0,32,MAE,sigmoid,Adam,3.5873165130615234,4.586303234100342,0.7867844700813293
ALSFRS_R_FIXED_9_15M,trial_43,2.0,512.0,0.0003543079029901231,0.0,16,MAE,sigmoid,Adam,3.1308250427246094,3.986858367919922,0.8146020174026489
ALSFRS_R_FIXED_9_15M,trial_81,2.0,512.0,0.0009012348133940776,1.0,16,Huber,sigmoid,Adam,3.028920888900757,3.963336229324341,0.8083471655845642
ALSFRS_R_FIXED_9_15M,trial_7,1.0,32.0,0.00020901561449940403,1.0,64,MAE,sigmoid,Adam,20.372148513793945,22.116003036499023,-3.776980400085449
ALSFRS_R_FIXED_9_15M,trial_72,2.0,512.0,0.0008495376537250369,1.0,16,Huber,sigmoid,Adam,3.0897605419158936,4.040113925933838,0.8017677068710327
ALSFRS_R_FIXED_9_15M,trial_0,2.0,512.0,7.575697199490547e-05,0.0,32,MSE,sigmoid,Adam,4.058347225189209,5.211111545562744,0.7272793054580688
ALSFRS_R_FIXED_9_15M,trial_19,2.0,256.0,0.00029416403568192765,0.0,32,MAE,sigmoid,Adam,3.3579585552215576,4.348546028137207,0.8060534596443176
ALSFRS_R_FIXED_9_15M,trial_21,2.0,256.0,0.00029042299707102604,0.0,32,MAE,sigmoid,Adam,3.3582119941711426,4.369068622589111,0.8054733276367188
ALSFRS_R_FIXED_9_15M,trial_28,2.0,256.0,0.0006135487241435585,0.0,16,MAE,sigmoid,Adam,3.1176977157592773,3.9927756786346436,0.8068628311157227
ALSFRS_R_FIXED_9_15M,trial_10,3.0,256.0,0.0004090213318339739,0.0,32,Huber,ReLU,Adam,3.605888843536377,4.453490734100342,0.794552743434906
ALSFRS_R_FIXED_0_3M,trial_53,1.0,512.0,0.000528702804386452,1.0,16,MAE,sigmoid,Adam,2.5178983211517334,3.3793137073516846,0.7631138563156128
ALSFRS_R_FIXED_0_3M,trial_91,1.0,512.0,0.0008055532405382695,1.0,16,MAE,sigmoid,Adam,2.5452804565429688,3.4157705307006836,0.7574819922447205
ALSFRS_R_FIXED_0_3M,trial_62,1.0,512.0,0.000762219480324423,1.0,16,MAE,sigmoid,Adam,2.4960033893585205,3.408069133758545,0.7606632113456726
ALSFRS_R_FIXED_0_3M,trial_31,2.0,64.0,0.0007373052270782161,0.0,64,Huber,ReLU,Adam,3.1133360862731934,4.295287609100342,0.6620864272117615
ALSFRS_R_FIXED_0_3M,trial_38,2.0,512.0,0.00040650845804158673,1.0,16,MAE,sigmoid,Adam,2.5280823707580566,3.4257731437683105,0.7543612122535706
ALSFRS_R_FIXED_0_3M,trial_63,1.0,512.0,0.0006128569853143324,1.0,16,MAE,sigmoid,Adam,2.443845272064209,3.3638577461242676,0.7640808820724487
ALSFRS_R_FIXED_0_3M,trial_64,1.0,512.0,0.0004562180902165677,1.0,16,MAE,sigmoid,Adam,2.491875648498535,3.36431884765625,0.7648955583572388
ALSFRS_R_FIXED_0_3M,trial_52,1.0,512.0,0.0007191985913679584,1.0,16,MAE,sigmoid,Adam,2.5525522232055664,3.497464895248413,0.7434956431388855
ALSFRS_R_FIXED_0_3M,trial_39,2.0,512.0,0.00040268033500701967,1.0,16,MAE,sigmoid,Adam,2.555893659591675,3.5227341651916504,0.7408649921417236
ALSFRS_R_FIXED_0_3M,trial_12,3.0,256.0,0.0005245212409442816,0.0,32,Huber,ReLU,Adam,3.1008365154266357,4.106972694396973,0.6788765788078308
ALSFRS_R_FIXED_0_3M,trial_83,1.0,512.0,0.000991925360876006,1.0,16,MAE,sigmoid,Adam,2.6159961223602295,3.4956822395324707,0.7433614730834961
ALSFRS_R_FIXED_0_3M,trial_84,1.0,512.0,0.0006895744187943206,1.0,16,MAE,sigmoid,Adam,2.4647088050842285,3.3935835361480713,0.7578840255737305
ALSFRS_R_FIXED_0_3M,trial_2,3.0,256.0,0.00011688530906397603,1.0,32,Huber,tanh,Adam,8.956955909729004,15.578896522521973,-4.00949239730835
ALSFRS_R_FIXED_0_3M,trial_46,2.0,512.0,0.00046595013989365197,1.0,16,MAE,sigmoid,Adam,2.562697649002075,3.477848768234253,0.7428066730499268
ALSFRS_R_FIXED_0_3M,trial_41,2.0,512.0,0.0004220513932650294,1.0,16,MAE,sigmoid,Adam,2.5936505794525146,3.4218292236328125,0.7568113803863525
ALSFRS_R_FIXED_0_3M,trial_25,2.0,128.0,7.596395937531135e-05,0.0,32,Huber,ReLU,Adam,3.128906011581421,4.253908157348633,0.6564458012580872
ALSFRS_R_FIXED_0_3M,trial_13,2.0,32.0,0.0003276649172486422,0.0,32,Huber,ReLU,Adam,3.225660800933838,4.43570613861084,0.6230881810188293
ALSFRS_R_FIXED_0_3M,trial_40,2.0,512.0,0.0005951139134830622,1.0,16,MAE,sigmoid,Adam,2.6556203365325928,3.511383533477783,0.7448126673698425
ALSFRS_R_FIXED_0_3M,trial_85,1.0,512.0,0.0008244264092762407,1.0,16,MAE,sigmoid,Adam,2.566593647003174,3.5078179836273193,0.743442177772522
ALSFRS_R_FIXED_0_3M,trial_3,3.0,64.0,0.00023403326119933224,0.0,128,Huber,ReLU,Adam,3.1304147243499756,4.317094326019287,0.6644197106361389
ALSFRS_R_FIXED_0_3M,trial_82,1.0,512.0,0.0009868400629315568,1.0,16,MAE,sigmoid,Adam,2.5825581550598145,3.4520070552825928,0.7559615969657898
ALSFRS_R_FIXED_0_3M,trial_4,1.0,128.0,1.915492070368018e-05,0.0,16,MAE,tanh,Adam,5.738274574279785,12.006135940551758,-2.6822452545166016
ALSFRS_R_FIXED_0_3M,trial_32,2.0,64.0,0.0006164906941088915,0.0,64,Huber,ReLU,Adam,3.1424648761749268,4.2822370529174805,0.6641978621482849
ALSFRS_R_FIXED_0_3M,trial_50,1.0,512.0,0.0008145736687660877,1.0,16,MAE,sigmoid,Adam,2.4933385848999023,3.416520118713379,0.7542707920074463
ALSFRS_R_FIXED_0_3M,trial_68,2.0,512.0,0.0005408105056110015,1.0,16,MAE,sigmoid,Adam,2.5638620853424072,3.4453890323638916,0.7481443881988525
ALSFRS_R_FIXED_0_3M,trial_61,1.0,512.0,0.0008613618749738499,1.0,16,MAE,sigmoid,Adam,2.5050835609436035,3.3922812938690186,0.7613295912742615
ALSFRS_R_FIXED_0_3M,trial_92,1.0,512.0,0.00079073721608441,1.0,16,MAE,sigmoid,Adam,2.4422855377197266,3.3411483764648438,0.7661221027374268
ALSFRS_R_FIXED_0_3M,trial_93,1.0,512.0,0.0005797761758925195,1.0,16,MAE,sigmoid,Adam,2.5571606159210205,3.4099788665771484,0.7600512504577637
ALSFRS_R_FIXED_0_3M,trial_94,1.0,512.0,0.0008163088836551581,1.0,16,MAE,sigmoid,Adam,2.5043387413024902,3.3861191272735596,0.7561607360839844
ALSFRS_R_FIXED_0_3M,trial_51,1.0,512.0,0.000920809033872659,1.0,16,MAE,sigmoid,Adam,2.5702548027038574,3.4827709197998047,0.7457077503204346
ALSFRS_R_FIXED_0_3M,trial_1,2.0,512.0,0.00010376997232986626,0.0,64,MAE,tanh,Adam,5.96052885055542,14.632403373718262,-3.1086888313293457
ALSFRS_R_FIXED_0_3M,trial_42,2.0,512.0,0.000775946182723082,1.0,16,MAE,sigmoid,Adam,2.641143798828125,3.4861338138580322,0.743963897228241
ALSFRS_R_FIXED_0_3M,trial_11,3.0,64.0,0.000459181041894357,0.0,128,Huber,ReLU,Adam,3.0933592319488525,4.2916975021362305,0.6691362261772156
ALSFRS_R_FIXED_0_3M,trial_27,2.0,64.0,0.000650369530817822,0.0,64,Huber,ReLU,Adam,3.110460042953491,4.256514072418213,0.6698787808418274
ALSFRS_R_FIXED_0_3M,trial_44,2.0,512.0,0.00043857746043774116,1.0,16,MAE,sigmoid,Adam,2.5332257747650146,3.470707654953003,0.7475192546844482
ALSFRS_R_FIXED_0_3M,trial_81,1.0,512.0,0.000783013299424482,1.0,16,MAE,sigmoid,Adam,2.440433979034424,3.3232674598693848,0.7712035775184631
ALSFRS_R_FIXED_0_3M,trial_0,2.0,128.0,0.00017345616807103203,0.0,32,Huber,tanh,Adam,2.8349828720092773,3.9990718364715576,0.6917284727096558
ALSFRS_R_FIXED_0_3M,trial_26,3.0,64.0,0.00037958171727823885,0.0,16,Huber,ReLU,Adam,3.051168441772461,4.096719264984131,0.6453526616096497
ALSFRS_R_FIXED_0_3M,trial_10,1.0,128.0,0.0007890424214499436,0.0,32,Huber,tanh,Adam,3.3819942474365234,4.635140419006348,0.5783231854438782
ALSFRS_R_FIXED_0_9M,trial_53,2.0,256.0,0.0001345488607396409,0.0,32,Huber,sigmoid,Adam,2.6130614280700684,3.5788631439208984,0.8397295475006104
ALSFRS_R_FIXED_0_9M,trial_96,2.0,512.0,9.206765684396401e-05,0.0,32,Huber,sigmoid,Adam,2.6510918140411377,3.59920334815979,0.8387041687965393
ALSFRS_R_FIXED_0_9M,trial_31,2.0,128.0,8.617730599349226e-05,0.0,16,Huber,sigmoid,Adam,2.6390721797943115,3.556642532348633,0.8174448609352112
ALSFRS_R_FIXED_0_9M,trial_64,2.0,256.0,0.00020522822781193493,0.0,32,Huber,sigmoid,Adam,2.6679742336273193,3.6477184295654297,0.8344407677650452
ALSFRS_R_FIXED_0_9M,trial_52,2.0,256.0,0.00013314168726043463,0.0,32,Huber,sigmoid,Adam,2.6745409965515137,3.6317031383514404,0.8360137343406677
ALSFRS_R_FIXED_0_9M,trial_37,2.0,128.0,0.00035121040006248864,0.0,32,MAE,ReLU,Adam,3.342064619064331,4.3711137771606445,0.759507417678833
ALSFRS_R_FIXED_0_9M,trial_12,1.0,512.0,0.00042929237804395547,1.0,64,Huber,tanh,Adam,4.336975574493408,5.8246259689331055,0.5959272384643555
ALSFRS_R_FIXED_0_9M,trial_24,2.0,128.0,0.0001222923358420559,0.0,16,Huber,sigmoid,Adam,2.674772024154663,3.5837807655334473,0.8141446709632874
ALSFRS_R_FIXED_0_9M,trial_23,2.0,128.0,0.00010139972844237692,0.0,16,Huber,sigmoid,Adam,2.6702022552490234,3.5765347480773926,0.8161873817443848
ALSFRS_R_FIXED_0_9M,trial_77,2.0,512.0,0.0003606603616373751,0.0,16,MAE,sigmoid,Adam,2.6720151901245117,3.5934343338012695,0.8148172497749329
ALSFRS_R_FIXED_0_9M,trial_84,2.0,256.0,0.0001865448369926677,0.0,32,Huber,sigmoid,Adam,2.6789722442626953,3.610635757446289,0.8379853963851929
ALSFRS_R_FIXED_0_9M,trial_2,3.0,512.0,0.0006162375023475971,0.0,128,MSE,tanh,Adam,3.4862804412841797,4.8433451652526855,0.7224147319793701
ALSFRS_R_FIXED_0_9M,trial_46,1.0,512.0,0.0002104318760094754,0.0,64,Huber,sigmoid,Adam,2.5754709243774414,3.580886125564575,0.8452638983726501
ALSFRS_R_FIXED_0_9M,trial_41,2.0,256.0,0.00013641419428558313,0.0,32,Huber,sigmoid,Adam,2.662386417388916,3.5854947566986084,0.8395565748214722
ALSFRS_R_FIXED_0_9M,trial_22,2.0,128.0,8.763367933012428e-05,0.0,16,Huber,sigmoid,Adam,2.636916399002075,3.559256076812744,0.8170854449272156
ALSFRS_R_FIXED_0_9M,trial_25,2.0,128.0,0.00019431148543198982,0.0,16,Huber,ReLU,Adam,3.330068588256836,4.334935665130615,0.7223994731903076
ALSFRS_R_FIXED_0_9M,trial_13,2.0,64.0,0.00024079099648885343,1.0,16,Huber,tanh,Adam,3.574719190597534,5.013434410095215,0.6285247802734375
ALSFRS_R_FIXED_0_9M,trial_14,2.0,64.0,0.00014172976352710796,0.0,16,Huber,sigmoid,Adam,2.696793556213379,3.609198808670044,0.8138461709022522
ALSFRS_R_FIXED_0_9M,trial_78,2.0,256.0,0.00014701440518119038,0.0,32,Huber,sigmoid,Adam,2.596222162246704,3.5708234310150146,0.8409002423286438
ALSFRS_R_FIXED_0_9M,trial_71,2.0,128.0,0.0001828562441870985,0.0,16,Huber,sigmoid,Adam,2.6739048957824707,3.5762269496917725,0.8160204291343689
ALSFRS_R_FIXED_0_9M,trial_3,3.0,256.0,4.406591392996331e-05,1.0,32,MSE,ReLU,Adam,3.309372901916504,4.297435760498047,0.7650963068008423
ALSFRS_R_FIXED_0_9M,trial_4,3.0,64.0,0.0002623595486201145,1.0,64,Huber,tanh,Adam,8.839770317077637,11.487058639526367,-0.5828919410705566
ALSFRS_R_FIXED_0_9M,trial_68,2.0,256.0,0.00024115654258120026,0.0,16,Huber,sigmoid,Adam,2.6499545574188232,3.569471836090088,0.8168727159500122
ALSFRS_R_FIXED_0_9M,trial_61,2.0,256.0,0.0001322872732263534,0.0,32,Huber,sigmoid,Adam,2.647589683532715,3.593902111053467,0.8385379910469055
ALSFRS_R_FIXED_0_9M,trial_66,2.0,256.0,0.00018241437184812796,0.0,16,Huber,sigmoid,Adam,2.603855609893799,3.5422494411468506,0.8165736198425293
ALSFRS_R_FIXED_0_9M,trial_34,2.0,256.0,0.00013938863501659595,0.0,32,Huber,sigmoid,Adam,2.6583189964294434,3.610792636871338,0.8375092148780823
ALSFRS_R_FIXED_0_9M,trial_73,2.0,128.0,0.00021588541354965724,0.0,16,Huber,sigmoid,Adam,2.678152322769165,3.5873360633850098,0.8154347538948059
ALSFRS_R_FIXED_0_9M,trial_1,2.0,256.0,5.614835956794075e-05,1.0,32,MAE,tanh,Adam,5.7700886726379395,12.135167121887207,-0.9368164539337158
ALSFRS_R_FIXED_0_9M,trial_74,2.0,256.0,0.0002615725993793521,0.0,16,Huber,sigmoid,Adam,2.669348955154419,3.594050645828247,0.8158328533172607
ALSFRS_R_FIXED_0_9M,trial_80,2.0,128.0,0.00031092544609951067,0.0,16,Huber,sigmoid,Adam,2.7165367603302,3.652344226837158,0.80693119764328
ALSFRS_R_FIXED_0_9M,trial_6,2.0,64.0,0.00018128881150371036,1.0,16,Huber,tanh,Adam,3.5674490928649902,4.760351181030273,0.6368042826652527
ALSFRS_R_FIXED_0_9M,trial_42,2.0,256.0,0.00011630614667995943,0.0,32,Huber,sigmoid,Adam,2.652005910873413,3.6283702850341797,0.8358654379844666
ALSFRS_R_FIXED_0_9M,trial_8,1.0,512.0,0.0006496310715207106,1.0,64,Huber,tanh,Adam,4.53469705581665,6.096790313720703,0.5576369166374207
ALSFRS_R_FIXED_0_9M,trial_11,1.0,128.0,0.0009943182694758948,1.0,16,Huber,tanh,Adam,4.335850715637207,5.7606282234191895,0.5068030953407288
ALSFRS_R_FIXED_0_9M,trial_18,2.0,128.0,9.569142102788831e-05,0.0,16,Huber,sigmoid,Adam,2.6726603507995605,3.5836422443389893,0.8153234124183655
ALSFRS_R_FIXED_0_9M,trial_44,2.0,256.0,0.00011849150456977165,0.0,32,Huber,sigmoid,Adam,2.6483588218688965,3.618375062942505,0.8370042443275452
ALSFRS_R_FIXED_0_9M,trial_43,2.0,256.0,0.00016734822356114382,0.0,32,Huber,sigmoid,Adam,2.6812148094177246,3.624096155166626,0.8365786075592041
ALSFRS_R_FIXED_0_9M,trial_0,3.0,512.0,0.0002744064174871775,1.0,128,MSE,sigmoid,Adam,3.8393142223358154,4.933403968811035,0.7138411998748779
ALSFRS_R_FIXED_0_9M,trial_21,2.0,128.0,0.00012883146067257725,0.0,16,Huber,sigmoid,Adam,2.695615768432617,3.62068247795105,0.810135006904602
ALSFRS_R_FIXED_0_9M,trial_17,2.0,128.0,8.608520060582747e-05,0.0,16,Huber,sigmoid,Adam,2.613147735595703,3.546083450317383,0.820023238658905
ALSFRS_R_FIXED_0_9M,trial_10,1.0,64.0,0.00014924802722707364,0.0,16,MAE,ReLU,Adam,4.121298313140869,5.427137851715088,0.5632930994033813
ALSFRS_R_FIXED_3_6M,trial_91,2.0,512.0,0.0006535115948613865,0.0,16,Huber,sigmoid,Adam,2.673776388168335,3.4233267307281494,0.7990046739578247
ALSFRS_R_FIXED_3_6M,trial_96,2.0,512.0,0.0007781878166013104,0.0,16,Huber,sigmoid,Adam,2.5184173583984375,3.3886189460754395,0.8043376803398132
ALSFRS_R_FIXED_3_6M,trial_62,2.0,512.0,0.0009820022066391583,0.0,16,MAE,sigmoid,Adam,2.7678186893463135,3.7747814655303955,0.7612353563308716
ALSFRS_R_FIXED_3_6M,trial_31,2.0,512.0,0.000531533359052822,0.0,16,MAE,sigmoid,Adam,2.5112311840057373,3.350715398788452,0.8094081878662109
ALSFRS_R_FIXED_3_6M,trial_63,2.0,512.0,0.00026738050667240895,0.0,16,MAE,sigmoid,Adam,2.5227184295654297,3.356003761291504,0.8078662157058716
ALSFRS_R_FIXED_3_6M,trial_64,2.0,512.0,0.0002671008020263694,0.0,16,MAE,sigmoid,Adam,2.4692931175231934,3.420649290084839,0.8011808395385742
ALSFRS_R_FIXED_3_6M,trial_15,2.0,512.0,0.0004633395843572392,0.0,64,MAE,sigmoid,Adam,2.5149786472320557,3.404811382293701,0.8296326994895935
ALSFRS_R_FIXED_3_6M,trial_12,1.0,512.0,0.0008785874653731761,0.0,64,MAE,sigmoid,Adam,2.493567943572998,3.488217830657959,0.8205580115318298
ALSFRS_R_FIXED_3_6M,trial_77,2.0,512.0,0.0006311960997631234,0.0,16,MAE,sigmoid,Adam,2.762953042984009,3.500314235687256,0.7908017039299011
ALSFRS_R_FIXED_3_6M,trial_83,2.0,512.0,0.0008956081549068658,0.0,16,Huber,sigmoid,Adam,2.567348003387451,3.429389238357544,0.8000121712684631
ALSFRS_R_FIXED_3_6M,trial_5,1.0,256.0,0.000407381492456341,0.0,64,MAE,sigmoid,Adam,2.5932557582855225,3.604372262954712,0.8086025714874268
ALSFRS_R_FIXED_3_6M,trial_84,2.0,512.0,0.0007790044376963438,0.0,16,Huber,sigmoid,Adam,2.709916114807129,3.4959449768066406,0.7883307933807373
ALSFRS_R_FIXED_3_6M,trial_2,1.0,64.0,9.157365869882082e-05,0.0,128,Huber,tanh,Adam,15.96506404876709,21.78000831604004,-5.84425687789917
ALSFRS_R_FIXED_3_6M,trial_79,2.0,512.0,0.0007748745294220256,0.0,16,Huber,sigmoid,Adam,2.54803729057312,3.510770082473755,0.7935587763786316
ALSFRS_R_FIXED_3_6M,trial_41,2.0,512.0,0.0007145747444379113,0.0,16,MAE,sigmoid,Adam,2.7577505111694336,3.503366708755493,0.7898133397102356
ALSFRS_R_FIXED_3_6M,trial_13,1.0,512.0,0.0004527613681931758,0.0,64,MAE,sigmoid,Adam,2.513151168823242,3.5079236030578613,0.8189388513565063
ALSFRS_R_FIXED_3_6M,trial_78,2.0,512.0,0.00043944506630944205,0.0,16,MAE,sigmoid,Adam,2.5663719177246094,3.4521257877349854,0.7989986538887024
ALSFRS_R_FIXED_3_6M,trial_85,2.0,512.0,0.0008808225467010518,0.0,16,Huber,sigmoid,Adam,2.623474359512329,3.4199507236480713,0.7976772785186768
ALSFRS_R_FIXED_3_6M,trial_3,2.0,64.0,0.00014399951529278087,0.0,128,Huber,sigmoid,Adam,6.2094926834106445,7.687555313110352,0.14348413050174713
ALSFRS_R_FIXED_3_6M,trial_82,2.0,512.0,0.000790716922139287,0.0,16,Huber,sigmoid,Adam,2.5150392055511475,3.357611656188965,0.8056592345237732
ALSFRS_R_FIXED_3_6M,trial_4,1.0,32.0,7.048373830718267e-05,1.0,16,MSE,ReLU,Adam,3.7815029621124268,4.913011074066162,0.5699942708015442
ALSFRS_R_FIXED_3_6M,trial_32,2.0,512.0,0.0007453943413187243,0.0,16,MAE,sigmoid,Adam,2.54978346824646,3.431305408477783,0.8020555973052979
ALSFRS_R_FIXED_3_6M,trial_35,2.0,512.0,0.0006960596132017663,0.0,16,MAE,sigmoid,Adam,2.5383172035217285,3.44557785987854,0.7999213933944702
ALSFRS_R_FIXED_3_6M,trial_95,2.0,512.0,0.0006430414875041268,0.0,16,Huber,sigmoid,Adam,2.626896858215332,3.44512677192688,0.7972450852394104
ALSFRS_R_FIXED_3_6M,trial_61,2.0,512.0,0.00047244538147884525,0.0,16,MAE,sigmoid,Adam,2.650643825531006,3.4858908653259277,0.7870185375213623
ALSFRS_R_FIXED_3_6M,trial_92,2.0,512.0,0.0006541396517134938,0.0,16,Huber,sigmoid,Adam,2.527608633041382,3.3517379760742188,0.8085481524467468
ALSFRS_R_FIXED_3_6M,trial_33,2.0,512.0,0.00022757953997260013,0.0,16,MAE,sigmoid,Adam,2.6369924545288086,3.576719045639038,0.7823874354362488
ALSFRS_R_FIXED_3_6M,trial_93,2.0,512.0,0.0006591460424253723,0.0,16,Huber,sigmoid,Adam,2.632080316543579,3.493400812149048,0.7956284880638123
ALSFRS_R_FIXED_3_6M,trial_94,2.0,512.0,0.0009232858308566718,0.0,16,Huber,sigmoid,Adam,2.611487627029419,3.5328991413116455,0.7866474390029907
ALSFRS_R_FIXED_3_6M,trial_87,2.0,512.0,0.0008866927535208732,0.0,16,Huber,sigmoid,Adam,3.1282436847686768,3.820685863494873,0.7436263561248779
ALSFRS_R_FIXED_3_6M,trial_73,2.0,512.0,0.0007337143685862751,0.0,16,MAE,sigmoid,Adam,2.5411386489868164,3.3655622005462646,0.805353581905365
ALSFRS_R_FIXED_3_6M,trial_1,3.0,32.0,8.242067407005933e-05,0.0,128,MAE,ReLU,Adam,4.2591118812561035,5.806938171386719,0.5085183382034302
ALSFRS_R_FIXED_3_6M,trial_42,2.0,512.0,0.0008103429986564884,0.0,16,MAE,sigmoid,Adam,3.0026326179504395,3.708125591278076,0.7581042647361755
ALSFRS_R_FIXED_3_6M,trial_11,1.0,512.0,0.0009919921754898483,0.0,64,MAE,sigmoid,Adam,2.5254995822906494,3.499835252761841,0.8195144534111023
ALSFRS_R_FIXED_3_6M,trial_16,3.0,512.0,0.00038117548035767907,0.0,64,Huber,tanh,Adam,2.773272752761841,3.5727860927581787,0.812465250492096
ALSFRS_R_FIXED_3_6M,trial_27,2.0,512.0,0.0004995788029221506,0.0,16,MAE,sigmoid,Adam,2.530372142791748,3.3435511589050293,0.810437798500061
ALSFRS_R_FIXED_3_6M,trial_43,2.0,512.0,0.0005971453431577731,0.0,16,MAE,sigmoid,Adam,2.6014459133148193,3.4694557189941406,0.7912455797195435
ALSFRS_R_FIXED_3_6M,trial_88,2.0,512.0,0.000864591836642722,0.0,16,Huber,sigmoid,Adam,2.9341256618499756,3.9004721641540527,0.7430651187896729
ALSFRS_R_FIXED_3_6M,trial_81,2.0,512.0,0.000768315844808915,0.0,16,Huber,sigmoid,Adam,2.577660083770752,3.453415870666504,0.7989262342453003
ALSFRS_R_FIXED_3_6M,trial_86,2.0,512.0,0.0008945890501773946,0.0,16,Huber,sigmoid,Adam,2.6044013500213623,3.476548910140991,0.7929126620292664
ALSFRS_R_FIXED_3_6M,trial_0,1.0,128.0,0.0007215924537180806,0.0,32,MAE,ReLU,Adam,3.1729202270507812,4.285793781280518,0.7112425565719604
ALSFRS_R_FIXED_3_6M,trial_19,2.0,512.0,0.0005669943842681065,0.0,16,Huber,tanh,Adam,2.955754518508911,3.912659168243408,0.7345150709152222
ALSFRS_R_FIXED_3_6M,trial_10,1.0,512.0,0.0009961885966900874,0.0,64,MAE,sigmoid,Adam,2.482226610183716,3.5133140087127686,0.8176137208938599
ALSFRS_R_FIXED_9_18M,trial_91,2.0,512.0,0.0008719899745242651,1.0,32,Huber,ReLU,Adam,5.269883155822754,6.766714096069336,0.46420347690582275
ALSFRS_R_FIXED_9_18M,trial_62,1.0,512.0,0.0004189194750961661,0.0,16,MAE,ReLU,Adam,5.604457855224609,7.257871150970459,0.28058087825775146
ALSFRS_R_FIXED_9_18M,trial_36,1.0,512.0,0.0005023925642040064,0.0,16,MAE,ReLU,Adam,5.33581018447876,7.158087730407715,0.2749127447605133
ALSFRS_R_FIXED_9_18M,trial_31,1.0,512.0,0.0002228569439625386,0.0,16,MAE,ReLU,Adam,5.84269905090332,7.69601583480835,0.163697749376297
ALSFRS_R_FIXED_9_18M,trial_97,3.0,512.0,0.0008885328556477912,1.0,32,Huber,ReLU,Adam,4.979506015777588,6.448582172393799,0.5116771459579468
ALSFRS_R_FIXED_9_18M,trial_55,1.0,256.0,0.0005983377521182811,0.0,16,MAE,ReLU,Adam,5.308302402496338,7.079832553863525,0.3054303526878357
ALSFRS_R_FIXED_9_18M,trial_37,1.0,512.0,0.00069747929137017,0.0,16,MAE,ReLU,Adam,5.271477222442627,6.750402927398682,0.36027899384498596
ALSFRS_R_FIXED_9_18M,trial_77,2.0,512.0,0.0007388123567146381,1.0,32,Huber,ReLU,Adam,5.203120231628418,6.566553592681885,0.49583667516708374
ALSFRS_R_FIXED_9_18M,trial_83,2.0,512.0,0.0009039949598950244,1.0,32,Huber,ReLU,Adam,5.230963230133057,6.650062561035156,0.4820713698863983
ALSFRS_R_FIXED_9_18M,trial_84,2.0,512.0,0.0008482433224631714,1.0,32,Huber,ReLU,Adam,5.1382155418396,6.584259033203125,0.4915945827960968
ALSFRS_R_FIXED_9_18M,trial_2,3.0,512.0,0.0007160293161022323,1.0,128,MAE,tanh,Adam,23.255765914916992,24.204004287719727,-5.678915023803711
ALSFRS_R_FIXED_9_18M,trial_46,1.0,512.0,0.00039010019419690454,0.0,16,MAE,ReLU,Adam,5.291048049926758,6.991294860839844,0.32601889967918396
ALSFRS_R_FIXED_9_18M,trial_41,1.0,512.0,0.0003521236794631811,0.0,16,MAE,ReLU,Adam,5.647097110748291,7.342466831207275,0.25266018509864807
ALSFRS_R_FIXED_9_18M,trial_47,1.0,256.0,0.000798000907904791,0.0,16,MAE,ReLU,Adam,5.663733005523682,7.560838222503662,0.20252978801727295
ALSFRS_R_FIXED_9_18M,trial_78,2.0,512.0,0.0006659668537084807,1.0,32,Huber,ReLU,Adam,4.989706993103027,6.3016037940979,0.5345382690429688
ALSFRS_R_FIXED_9_18M,trial_71,2.0,512.0,0.0003864999196232866,0.0,32,MAE,ReLU,Adam,4.900147914886475,6.329955577850342,0.5309510231018066
ALSFRS_R_FIXED_9_18M,trial_85,2.0,512.0,0.0009682529160577189,1.0,32,Huber,ReLU,Adam,4.9648590087890625,6.418323040008545,0.5167689323425293
ALSFRS_R_FIXED_9_18M,trial_3,1.0,128.0,0.00038227498253661635,0.0,64,Huber,tanh,Adam,24.4310245513916,25.64169692993164,-6.495919227600098
ALSFRS_R_FIXED_9_18M,trial_82,2.0,512.0,0.0008402589196320894,1.0,32,Huber,ReLU,Adam,5.148714065551758,6.503355503082275,0.5032454133033752
ALSFRS_R_FIXED_9_18M,trial_4,1.0,512.0,9.344346555887034e-05,0.0,64,MAE,ReLU,Adam,6.218631744384766,8.218226432800293,0.2300053834915161
ALSFRS_R_FIXED_9_18M,trial_32,1.0,512.0,0.00018884529305836825,0.0,16,MAE,ReLU,Adam,6.283930778503418,8.157896995544434,0.018302923068404198
ALSFRS_R_FIXED_9_18M,trial_35,1.0,512.0,0.0003585422962369132,0.0,16,MAE,ReLU,Adam,5.375082969665527,7.153056621551514,0.27963125705718994
ALSFRS_R_FIXED_9_18M,trial_68,1.0,512.0,0.0008258220637084259,0.0,16,MAE,ReLU,Adam,5.532501697540283,6.965479850769043,0.29971516132354736
ALSFRS_R_FIXED_9_18M,trial_95,2.0,512.0,0.0007373392483119378,1.0,32,Huber,ReLU,Adam,5.24098014831543,6.685688495635986,0.47578781843185425
ALSFRS_R_FIXED_9_18M,trial_61,1.0,512.0,0.000491294402876983,0.0,16,MAE,ReLU,Adam,5.71695613861084,7.482094764709473,0.19324906170368195
ALSFRS_R_FIXED_9_18M,trial_92,2.0,512.0,0.0007852368443169151,1.0,32,Huber,ReLU,Adam,5.075875282287598,6.349284648895264,0.5278565883636475
ALSFRS_R_FIXED_9_18M,trial_34,1.0,512.0,0.000318837597377838,0.0,16,MAE,ReLU,Adam,5.231898784637451,6.920069217681885,0.32026174664497375
ALSFRS_R_FIXED_9_18M,trial_33,1.0,512.0,0.00032343666773623276,0.0,16,MAE,ReLU,Adam,5.401453971862793,7.027262210845947,0.33199501037597656
ALSFRS_R_FIXED_9_18M,trial_93,2.0,512.0,0.0009817151738734926,1.0,32,Huber,ReLU,Adam,5.337541103363037,6.640338897705078,0.4840763211250305
ALSFRS_R_FIXED_9_18M,trial_94,2.0,512.0,0.0008683172612063622,1.0,32,Huber,ReLU,Adam,4.858440399169922,6.231656074523926,0.5464626550674438
ALSFRS_R_FIXED_9_18M,trial_69,2.0,512.0,0.0005827278107562817,0.0,32,MAE,ReLU,Adam,5.0634446144104,6.530733108520508,0.49961620569229126
ALSFRS_R_FIXED_9_18M,trial_87,2.0,512.0,0.0008935322712430177,1.0,32,Huber,ReLU,Adam,4.9402923583984375,6.376430034637451,0.5244879722595215
ALSFRS_R_FIXED_9_18M,trial_73,2.0,512.0,0.0006406056902031038,0.0,32,MAE,ReLU,Adam,5.012157917022705,6.37159538269043,0.5251984596252441
ALSFRS_R_FIXED_9_18M,trial_1,1.0,64.0,0.00024068382127127885,1.0,64,MAE,sigmoid,Adam,17.638795852661133,18.98847198486328,-3.1106598377227783
ALSFRS_R_FIXED_9_18M,trial_74,2.0,512.0,0.0005171164506607835,0.0,32,MAE,ReLU,Adam,4.869350433349609,6.265927791595459,0.5365583300590515
ALSFRS_R_FIXED_9_18M,trial_80,2.0,512.0,0.0007845243625895761,1.0,32,Huber,ReLU,Adam,4.894053936004639,6.314725399017334,0.5321785807609558
ALSFRS_R_FIXED_9_18M,trial_42,1.0,512.0,0.00028922650973080646,0.0,16,MAE,ReLU,Adam,5.264807224273682,7.011781215667725,0.30752134323120117
ALSFRS_R_FIXED_9_18M,trial_29,1.0,512.0,0.00021559141358660241,0.0,16,MAE,ReLU,Adam,5.3677978515625,7.196334362030029,0.2716064155101776
ALSFRS_R_FIXED_9_18M,trial_27,1.0,512.0,8.976996352577925e-05,0.0,16,MAE,sigmoid,Adam,3.129887104034424,4.061888217926025,0.7724713087081909
ALSFRS_R_FIXED_9_18M,trial_44,1.0,512.0,0.0004665323351493866,0.0,16,MAE,ReLU,Adam,5.779726505279541,7.34351921081543,0.238884836435318
ALSFRS_R_FIXED_9_18M,trial_88,2.0,512.0,0.0009923532468456163,1.0,32,Huber,ReLU,Adam,5.013077735900879,6.283801555633545,0.5349971055984497
ALSFRS_R_FIXED_9_18M,trial_81,2.0,512.0,0.000870915169477714,1.0,32,Huber,ReLU,Adam,5.14851188659668,6.547901630401611,0.4981294274330139
ALSFRS_R_FIXED_9_18M,trial_75,2.0,512.0,0.0006877753229663829,0.0,32,MAE,ReLU,Adam,4.747504711151123,6.197817802429199,0.5475770831108093
ALSFRS_R_FIXED_9_18M,trial_72,2.0,512.0,0.0005110706262159279,0.0,32,MAE,ReLU,Adam,5.082535266876221,6.502110958099365,0.505304217338562
ALSFRS_R_FIXED_9_18M,trial_0,2.0,128.0,5.337475115290728e-05,0.0,128,Huber,sigmoid,Adam,21.219263076782227,23.007909774780273,-5.035118579864502
ALSFRS_R_FIXED_9_12M,trial_53,3.0,512.0,0.0008246718224429679,0.0,16,Huber,tanh,Adam,2.919940233230591,3.8523523807525635,0.8121703267097473
ALSFRS_R_FIXED_9_12M,trial_31,3.0,512.0,0.0008315986565310306,0.0,16,Huber,tanh,Adam,2.8927931785583496,3.7545862197875977,0.8192569017410278
ALSFRS_R_FIXED_9_12M,trial_52,3.0,512.0,0.000985945346828969,0.0,16,Huber,tanh,Adam,2.908498764038086,3.7446789741516113,0.8182717561721802
ALSFRS_R_FIXED_9_12M,trial_15,3.0,512.0,0.0006810359478076542,0.0,16,Huber,tanh,Adam,2.863987684249878,3.7522356510162354,0.8211635947227478
ALSFRS_R_FIXED_9_12M,trial_12,2.0,256.0,0.00019453011190004438,0.0,16,Huber,ReLU,Adam,3.1372458934783936,4.170119285583496,0.7553965449333191
ALSFRS_R_FIXED_9_12M,trial_24,3.0,512.0,0.0009546130470415148,0.0,16,Huber,tanh,Adam,3.0140469074249268,3.9715209007263184,0.7971633076667786
ALSFRS_R_FIXED_9_12M,trial_23,2.0,512.0,0.0001998934968584301,0.0,16,Huber,tanh,Adam,2.877537727355957,3.7647171020507812,0.8168162703514099
ALSFRS_R_FIXED_9_12M,trial_2,1.0,128.0,9.488594351078385e-05,1.0,32,MSE,tanh,Adam,3.6429264545440674,5.192722320556641,0.6798247694969177
ALSFRS_R_FIXED_9_12M,trial_79,3.0,512.0,0.0007885425825662572,0.0,16,Huber,tanh,Adam,2.8116800785064697,3.6640026569366455,0.827852725982666
ALSFRS_R_FIXED_9_12M,trial_41,3.0,512.0,0.0008249123334819988,0.0,16,Huber,tanh,Adam,2.9974074363708496,3.878709077835083,0.8058962821960449
ALSFRS_R_FIXED_9_12M,trial_22,3.0,512.0,0.0006034299697965917,0.0,16,Huber,tanh,Adam,3.072749614715576,4.0210676193237305,0.7970225811004639
ALSFRS_R_FIXED_9_12M,trial_25,3.0,512.0,0.0009992488129086567,0.0,16,Huber,tanh,Adam,2.900096893310547,3.749906301498413,0.8249267935752869
ALSFRS_R_FIXED_9_12M,trial_13,2.0,256.0,0.000195783325084202,0.0,16,Huber,tanh,Adam,2.934293031692505,3.830627918243408,0.8057525753974915
ALSFRS_R_FIXED_9_12M,trial_14,2.0,256.0,0.00012190173374873915,1.0,16,Huber,tanh,Adam,3.0738420486450195,4.025437831878662,0.7902406454086304
ALSFRS_R_FIXED_9_12M,trial_3,2.0,256.0,7.220996459011672e-05,1.0,16,Huber,tanh,Adam,3.0236313343048096,3.9153010845184326,0.8036083579063416
ALSFRS_R_FIXED_9_12M,trial_4,1.0,128.0,3.4041463881047434e-05,0.0,128,MSE,sigmoid,Adam,23.010168075561523,24.10418701171875,-5.659266948699951
ALSFRS_R_FIXED_9_12M,trial_32,3.0,512.0,0.0005271678716810118,0.0,16,Huber,tanh,Adam,2.885100841522217,3.7385082244873047,0.8210548162460327
ALSFRS_R_FIXED_9_12M,trial_61,3.0,512.0,0.000985689311307867,0.0,16,Huber,tanh,Adam,2.7754602432250977,3.6156508922576904,0.83094322681427
ALSFRS_R_FIXED_9_12M,trial_34,3.0,512.0,0.0006786570845760011,0.0,16,Huber,tanh,Adam,2.8362886905670166,3.6777334213256836,0.8284086585044861
ALSFRS_R_FIXED_9_12M,trial_33,3.0,512.0,0.0008042618854867124,0.0,16,Huber,tanh,Adam,2.9739081859588623,3.8712284564971924,0.8122811913490295
ALSFRS_R_FIXED_9_12M,trial_51,3.0,512.0,0.0009537757166283257,0.0,16,Huber,tanh,Adam,2.971334457397461,3.8512532711029053,0.8073077201843262
ALSFRS_R_FIXED_9_12M,trial_1,2.0,256.0,2.4578839699412854e-05,0.0,16,MAE,ReLU,Adam,3.2359633445739746,4.294967174530029,0.7399804592132568
ALSFRS_R_FIXED_9_12M,trial_11,2.0,256.0,0.0009512445306791374,0.0,16,MAE,ReLU,Adam,3.6153459548950195,4.65535831451416,0.7068384289741516
ALSFRS_R_FIXED_9_12M,trial_75,3.0,512.0,0.0009030372799787841,0.0,16,Huber,tanh,Adam,2.868138074874878,3.7522692680358887,0.8215240836143494
ALSFRS_R_FIXED_9_12M,trial_0,3.0,128.0,0.00033859210026815665,1.0,16,Huber,sigmoid,Adam,3.2399048805236816,4.072083950042725,0.7860551476478577
ALSFRS_R_FIXED_9_12M,trial_21,3.0,512.0,0.0009139615108770992,0.0,16,Huber,tanh,Adam,2.8547539710998535,3.6861884593963623,0.8266624212265015
ALSFRS_R_FIXED_9_12M,trial_28,3.0,512.0,0.0005601606664315682,0.0,32,MAE,ReLU,Adam,3.5021536350250244,4.657907009124756,0.7220562696456909
ALSFRS_R_FIXED_6_18M,trial_53,2.0,512.0,0.000454839730890632,0.0,16,Huber,sigmoid,Adam,4.005427360534668,4.9610748291015625,0.5794234871864319
ALSFRS_R_FIXED_6_18M,trial_65,2.0,512.0,0.0005941440006240469,0.0,16,Huber,sigmoid,Adam,3.443732500076294,4.3303399085998535,0.6752792000770569
ALSFRS_R_FIXED_6_18M,trial_91,2.0,512.0,0.00044680004909362475,0.0,16,Huber,sigmoid,Adam,3.645937204360962,4.6044840812683105,0.6329051852226257
ALSFRS_R_FIXED_6_18M,trial_62,2.0,512.0,0.0008533422165273013,0.0,16,Huber,sigmoid,Adam,4.181725025177002,5.113382816314697,0.5697571635246277
ALSFRS_R_FIXED_6_18M,trial_31,2.0,512.0,0.000710506449845009,0.0,16,Huber,sigmoid,Adam,3.9199907779693604,4.893233776092529,0.594316303730011
ALSFRS_R_FIXED_6_18M,trial_38,3.0,512.0,0.0007201363632306148,1.0,16,MAE,ReLU,Adam,6.0696330070495605,7.929514408111572,-0.00287618231959641
ALSFRS_R_FIXED_6_18M,trial_64,2.0,512.0,0.0005859719806894751,0.0,16,Huber,sigmoid,Adam,3.429969072341919,4.400907039642334,0.6626483201980591
ALSFRS_R_FIXED_6_18M,trial_52,2.0,512.0,0.0004433568837561268,0.0,16,Huber,sigmoid,Adam,3.609437942504883,4.581826686859131,0.6295036673545837
ALSFRS_R_FIXED_6_18M,trial_12,2.0,512.0,0.0009273845990250304,0.0,32,Huber,sigmoid,Adam,3.5618338584899902,4.672607898712158,0.703106701374054
ALSFRS_R_FIXED_6_18M,trial_83,2.0,512.0,0.000533707560833992,0.0,16,Huber,sigmoid,Adam,3.606727361679077,4.526330947875977,0.6485679149627686
ALSFRS_R_FIXED_6_18M,trial_2,2.0,64.0,0.00016438276778387036,1.0,128,MAE,tanh,Adam,25.21237564086914,26.609909057617188,-8.28244400024414
ALSFRS_R_FIXED_6_18M,trial_41,2.0,512.0,0.000699477825739465,0.0,16,Huber,sigmoid,Adam,3.3020026683807373,4.210504055023193,0.6822609901428223
ALSFRS_R_FIXED_6_18M,trial_22,1.0,512.0,0.0007417901826990268,0.0,32,Huber,sigmoid,Adam,3.504161834716797,4.3765130043029785,0.7396141886711121
ALSFRS_R_FIXED_6_18M,trial_25,2.0,512.0,0.0009675982287057627,0.0,32,Huber,sigmoid,Adam,4.5978498458862305,5.858325004577637,0.5273147821426392
ALSFRS_R_FIXED_6_18M,trial_13,1.0,512.0,0.0009313634071682272,0.0,32,Huber,sigmoid,Adam,3.5898020267486572,4.525191307067871,0.7214705944061279
ALSFRS_R_FIXED_6_18M,trial_14,1.0,128.0,0.000989538942826011,0.0,64,Huber,sigmoid,Adam,5.145892143249512,6.347788333892822,0.47177305817604065
ALSFRS_R_FIXED_6_18M,trial_85,2.0,512.0,0.0007448357867115792,0.0,16,Huber,sigmoid,Adam,4.0324249267578125,5.045942783355713,0.5660131573677063
ALSFRS_R_FIXED_6_18M,trial_3,3.0,64.0,0.00029594101039357866,1.0,128,MSE,tanh,Adam,24.415414810180664,25.5335636138916,-7.546701431274414
ALSFRS_R_FIXED_6_18M,trial_82,2.0,512.0,0.0005902437442956653,0.0,16,Huber,sigmoid,Adam,3.409852981567383,4.370759963989258,0.6622557640075684
ALSFRS_R_FIXED_6_18M,trial_4,2.0,256.0,0.00015208610464094574,1.0,128,MSE,ReLU,Adam,6.771316051483154,9.083945274353027,-0.08174442499876022
ALSFRS_R_FIXED_6_18M,trial_32,2.0,512.0,0.00043964189684485066,0.0,16,Huber,sigmoid,Adam,3.7139289379119873,4.599985122680664,0.6345046162605286
ALSFRS_R_FIXED_6_18M,trial_57,2.0,512.0,0.00045488881557324763,0.0,16,Huber,sigmoid,Adam,3.4491164684295654,4.332356929779053,0.6718907356262207
ALSFRS_R_FIXED_6_18M,trial_61,2.0,512.0,0.0006295151694612064,0.0,16,Huber,sigmoid,Adam,4.008777618408203,5.023693561553955,0.5759068131446838
ALSFRS_R_FIXED_6_18M,trial_59,2.0,512.0,0.0008657277710293912,0.0,16,Huber,sigmoid,Adam,3.6869943141937256,4.495078086853027,0.6642571091651917
ALSFRS_R_FIXED_6_18M,trial_33,2.0,512.0,0.0005064586722599917,0.0,16,Huber,sigmoid,Adam,4.319859981536865,5.4418487548828125,0.5004491806030273
ALSFRS_R_FIXED_6_18M,trial_93,2.0,512.0,0.0005924900436660898,0.0,16,Huber,sigmoid,Adam,3.746488571166992,4.709956645965576,0.6105121970176697
ALSFRS_R_FIXED_6_18M,trial_51,2.0,512.0,0.0004805276685296723,0.0,16,Huber,sigmoid,Adam,3.3484299182891846,4.28342866897583,0.6731204986572266
ALSFRS_R_FIXED_6_18M,trial_1,3.0,512.0,1.3363137105149519e-05,1.0,64,Huber,sigmoid,Adam,22.28446388244629,23.88434410095215,-6.4782891273498535
ALSFRS_R_FIXED_6_18M,trial_74,2.0,512.0,0.0005248770851462044,0.0,16,Huber,sigmoid,Adam,3.713285207748413,4.626197338104248,0.6262252330780029
ALSFRS_R_FIXED_6_18M,trial_6,2.0,512.0,1.824291532435347e-05,0.0,32,Huber,ReLU,Adam,6.436964511871338,8.466226577758789,0.028307851403951645
ALSFRS_R_FIXED_6_18M,trial_42,2.0,512.0,0.0004859624454629148,0.0,16,Huber,sigmoid,Adam,3.592238187789917,4.520339012145996,0.6461241841316223
ALSFRS_R_FIXED_6_18M,trial_45,2.0,512.0,0.0005558688384458783,0.0,16,Huber,ReLU,Adam,5.936624526977539,7.874955654144287,-0.005989809986203909
ALSFRS_R_FIXED_6_18M,trial_11,2.0,512.0,6.778727925625151e-05,0.0,32,Huber,sigmoid,Adam,5.054837703704834,6.035546779632568,0.4864440858364105
ALSFRS_R_FIXED_6_18M,trial_16,1.0,512.0,0.000445998670993789,0.0,32,Huber,sigmoid,Adam,3.7932167053222656,4.773587703704834,0.6888725757598877
ALSFRS_R_FIXED_6_18M,trial_18,2.0,512.0,0.0005762485105087329,0.0,64,Huber,sigmoid,Adam,4.618622303009033,5.767005920410156,0.5640100836753845
ALSFRS_R_FIXED_6_18M,trial_27,2.0,512.0,0.0006393558096250739,0.0,16,Huber,sigmoid,Adam,3.6960065364837646,4.456745147705078,0.6640991568565369
ALSFRS_R_FIXED_6_18M,trial_44,2.0,512.0,0.0005145623944731699,0.0,16,Huber,sigmoid,Adam,3.4723989963531494,4.337915420532227,0.6830524802207947
ALSFRS_R_FIXED_6_18M,trial_43,2.0,512.0,0.00042567890445957486,0.0,16,Huber,sigmoid,Adam,3.810706377029419,4.714955806732178,0.6120424270629883
ALSFRS_R_FIXED_6_18M,trial_81,2.0,512.0,0.0004869499971691381,0.0,16,Huber,sigmoid,Adam,3.8242719173431396,4.690181255340576,0.6227236390113831
ALSFRS_R_FIXED_6_18M,trial_75,2.0,512.0,0.0005231423126845432,0.0,16,Huber,sigmoid,Adam,4.012503147125244,4.942039966583252,0.5881150364875793
ALSFRS_R_FIXED_6_18M,trial_7,1.0,512.0,2.4405976993659786e-05,1.0,16,MAE,ReLU,Adam,7.836467742919922,10.143016815185547,-0.6389760375022888
ALSFRS_R_FIXED_6_18M,trial_72,2.0,512.0,0.0005302219143501443,0.0,16,Huber,sigmoid,Adam,3.3390190601348877,4.2688469886779785,0.6775782704353333
ALSFRS_R_FIXED_6_18M,trial_0,3.0,256.0,3.467816022497759e-05,1.0,128,MAE,ReLU,Adam,7.808113098144531,10.442327499389648,-0.42945432662963867
ALSFRS_R_FIXED_6_18M,trial_21,1.0,512.0,0.00038550718179066075,0.0,32,Huber,sigmoid,Adam,3.57930588722229,4.697387218475342,0.6993515491485596
ALSFRS_R_FIXED_6_18M,trial_17,1.0,512.0,0.0005221536412716954,0.0,32,Huber,sigmoid,Adam,3.6651113033294678,4.734500885009766,0.6952812671661377
ALSFRS_R_FIXED_6_18M,trial_10,2.0,512.0,5.96059097835381e-05,0.0,32,Huber,sigmoid,Adam,5.311619281768799,6.317681789398193,0.43907153606414795
ALSFRS_R_FIXED_6_12M,trial_53,3.0,512.0,0.0006207275661497929,0.0,32,Huber,sigmoid,Adam,2.993271827697754,4.009987831115723,0.8205728530883789
ALSFRS_R_FIXED_6_12M,trial_91,3.0,512.0,0.0006710969658066214,0.0,32,Huber,tanh,Adam,2.758373975753784,3.8514623641967773,0.8318178057670593
ALSFRS_R_FIXED_6_12M,trial_62,3.0,512.0,0.00041133275657476116,0.0,32,Huber,ReLU,Adam,3.3881850242614746,4.301216125488281,0.7943645715713501
ALSFRS_R_FIXED_6_12M,trial_63,3.0,512.0,0.0006231382442967043,0.0,32,Huber,tanh,Adam,2.8410351276397705,3.820383071899414,0.8360083699226379
ALSFRS_R_FIXED_6_12M,trial_52,3.0,512.0,0.0005219734441444296,0.0,32,Huber,sigmoid,Adam,3.128978967666626,4.039763927459717,0.8186596632003784
ALSFRS_R_FIXED_6_12M,trial_39,2.0,256.0,0.0007383611501981157,1.0,16,MAE,ReLU,Adam,3.6124610900878906,4.535480499267578,0.6831241250038147
ALSFRS_R_FIXED_6_12M,trial_30,3.0,512.0,0.0007524805564366998,1.0,32,Huber,tanh,Adam,2.7139883041381836,3.6699459552764893,0.8503252267837524
ALSFRS_R_FIXED_6_12M,trial_12,3.0,512.0,0.0009534946115305398,1.0,32,MAE,tanh,Adam,2.968717098236084,4.265214443206787,0.7792630791664124
ALSFRS_R_FIXED_6_12M,trial_83,3.0,512.0,0.0007034115764670148,0.0,32,Huber,tanh,Adam,2.8083174228668213,3.9406723976135254,0.8236563205718994
ALSFRS_R_FIXED_6_12M,trial_2,3.0,32.0,1.841334757044217e-05,1.0,128,Huber,ReLU,Adam,22.604167938232422,24.273029327392578,-5.17418909072876
ALSFRS_R_FIXED_6_12M,trial_22,3.0,512.0,0.0009821410871717158,1.0,32,MAE,tanh,Adam,2.906526565551758,4.092589378356934,0.8120875954627991
ALSFRS_R_FIXED_6_12M,trial_25,3.0,512.0,0.0006552109949395123,1.0,32,MAE,tanh,Adam,2.799992322921753,3.7521703243255615,0.8376357555389404
ALSFRS_R_FIXED_6_12M,trial_13,3.0,512.0,0.00034135201683792744,1.0,32,MAE,tanh,Adam,3.0053012371063232,4.261963367462158,0.7887384295463562
ALSFRS_R_FIXED_6_12M,trial_40,3.0,512.0,0.00033104895952156926,0.0,32,Huber,tanh,Adam,2.7341833114624023,3.8191425800323486,0.8374022841453552
ALSFRS_R_FIXED_6_12M,trial_3,2.0,32.0,8.218685875477507e-05,0.0,64,MSE,sigmoid,Adam,17.504663467407227,19.61712074279785,-3.1406941413879395
ALSFRS_R_FIXED_6_12M,trial_82,3.0,512.0,0.0006844508673729177,0.0,32,Huber,tanh,Adam,2.8271119594573975,3.7929775714874268,0.8395668864250183
ALSFRS_R_FIXED_6_12M,trial_76,3.0,512.0,0.0009821652297537786,0.0,32,Huber,tanh,Adam,2.9355645179748535,4.046038627624512,0.8135052919387817
ALSFRS_R_FIXED_6_12M,trial_4,1.0,128.0,3.086474686438073e-05,0.0,32,Huber,sigmoid,Adam,8.461009979248047,10.444199562072754,-0.20246882736682892
ALSFRS_R_FIXED_6_12M,trial_49,3.0,512.0,0.00041608310198011,0.0,32,Huber,sigmoid,Adam,3.1586711406707764,4.051210403442383,0.8144736289978027
ALSFRS_R_FIXED_6_12M,trial_61,3.0,512.0,0.000663079515923748,0.0,32,Huber,tanh,Adam,2.7073395252227783,3.679003953933716,0.8474640250205994
ALSFRS_R_FIXED_6_12M,trial_58,3.0,512.0,0.0008502244128850061,0.0,32,Huber,sigmoid,Adam,3.3874154090881348,4.548817157745361,0.7689303159713745
ALSFRS_R_FIXED_6_12M,trial_94,3.0,512.0,0.0009923255619933957,0.0,32,Huber,tanh,Adam,3.0862433910369873,4.340707778930664,0.7841631770133972
ALSFRS_R_FIXED_6_12M,trial_69,3.0,512.0,0.0005764062269335369,0.0,32,Huber,tanh,Adam,2.9267995357513428,4.031035423278809,0.8165187239646912
ALSFRS_R_FIXED_6_12M,trial_51,3.0,512.0,0.00039579485151266115,0.0,32,Huber,sigmoid,Adam,3.1173255443573,4.13280725479126,0.8086597323417664
ALSFRS_R_FIXED_6_12M,trial_87,3.0,512.0,0.0005980471303705513,0.0,32,Huber,tanh,Adam,2.761927843093872,3.6625685691833496,0.8464186787605286
ALSFRS_R_FIXED_6_12M,trial_1,2.0,64.0,6.2659612599304e-05,0.0,16,MSE,ReLU,Adam,3.5422587394714355,4.551249980926514,0.7030907273292542
ALSFRS_R_FIXED_6_12M,trial_6,2.0,512.0,0.0009730783601735039,0.0,16,MAE,tanh,Adam,2.9518280029296875,4.261251449584961,0.7111189365386963
ALSFRS_R_FIXED_6_12M,trial_42,3.0,512.0,0.00043492920032955,0.0,32,Huber,tanh,Adam,3.0410830974578857,3.9642982482910156,0.8252174854278564
ALSFRS_R_FIXED_6_12M,trial_45,3.0,512.0,0.0005643574234032749,0.0,16,Huber,ReLU,Adam,3.39079213142395,4.2852888107299805,0.7116015553474426
ALSFRS_R_FIXED_6_12M,trial_11,3.0,512.0,0.0009728872876150205,1.0,32,MAE,tanh,Adam,3.107227325439453,4.454433917999268,0.7658926248550415
ALSFRS_R_FIXED_6_12M,trial_43,3.0,512.0,0.000532538489681269,0.0,32,Huber,tanh,Adam,2.886441230773926,3.8505539894104004,0.8334212899208069
ALSFRS_R_FIXED_6_12M,trial_88,3.0,512.0,0.0007073786750184095,0.0,64,Huber,ReLU,Adam,3.4899444580078125,4.44495964050293,0.789276659488678
ALSFRS_R_FIXED_6_12M,trial_75,3.0,512.0,0.0009764704496869885,0.0,32,Huber,tanh,Adam,2.920309543609619,3.900275707244873,0.8307011723518372
ALSFRS_R_FIXED_6_12M,trial_7,1.0,64.0,9.091383717152042e-05,0.0,16,Huber,ReLU,Adam,4.025356292724609,5.122375965118408,0.5486397743225098
ALSFRS_R_FIXED_6_12M,trial_72,3.0,512.0,0.0009992580383587709,0.0,32,Huber,tanh,Adam,3.0281982421875,4.4296159744262695,0.7679523229598999
ALSFRS_R_FIXED_6_12M,trial_0,1.0,128.0,0.00010238137943617087,0.0,64,Huber,tanh,Adam,9.177876472473145,15.474120140075684,-1.6224231719970703
ALSFRS_R_FIXED_6_12M,trial_21,3.0,512.0,0.0006174108196507533,1.0,32,MAE,tanh,Adam,2.8070716857910156,3.7270660400390625,0.8452351689338684
ALSFRS_R_FIXED_6_12M,trial_10,3.0,512.0,0.0008741583922584071,1.0,32,MAE,tanh,Adam,2.879793882369995,3.8858816623687744,0.8321097493171692
ALSFRS_R_FIXED_3_18M,trial_54,3.0,512.0,0.0005086666382845272,0.0,16,Huber,sigmoid,Adam,3.6423747539520264,4.475410461425781,0.7051312923431396
ALSFRS_R_FIXED_3_18M,trial_53,3.0,512.0,0.0003165036507079339,0.0,16,Huber,sigmoid,Adam,4.464012622833252,5.700151443481445,0.4839165210723877
ALSFRS_R_FIXED_3_18M,trial_65,3.0,512.0,0.0009777368032656076,0.0,16,Huber,sigmoid,Adam,3.6912448406219482,4.976541042327881,0.6438716053962708
ALSFRS_R_FIXED_3_18M,trial_91,3.0,512.0,0.0005542138262303004,0.0,16,Huber,sigmoid,Adam,3.7145843505859375,4.57965612411499,0.6735227704048157
ALSFRS_R_FIXED_3_18M,trial_62,3.0,512.0,0.0005269644332312466,0.0,16,Huber,sigmoid,Adam,4.2864298820495605,5.553653240203857,0.4736194610595703
ALSFRS_R_FIXED_3_18M,trial_31,3.0,512.0,0.00045701920569784414,0.0,64,Huber,sigmoid,Adam,4.059459209442139,5.173763751983643,0.6939952969551086
ALSFRS_R_FIXED_3_18M,trial_63,3.0,512.0,0.0007009519285096576,0.0,16,Huber,sigmoid,Adam,4.509181022644043,5.460286617279053,0.5377795100212097
ALSFRS_R_FIXED_3_18M,trial_64,3.0,512.0,0.0008194130999273221,0.0,16,Huber,sigmoid,Adam,3.768423080444336,4.735182285308838,0.6653305888175964
ALSFRS_R_FIXED_3_18M,trial_52,3.0,512.0,0.0004829231960692698,0.0,16,Huber,sigmoid,Adam,3.694730520248413,4.648470401763916,0.6783660054206848
ALSFRS_R_FIXED_3_18M,trial_55,3.0,256.0,0.0005058756684569259,0.0,16,Huber,sigmoid,Adam,4.3212714195251465,5.596598148345947,0.4984992444515228
ALSFRS_R_FIXED_3_18M,trial_12,2.0,512.0,0.0008811567770618408,1.0,16,MAE,sigmoid,Adam,3.6799659729003906,4.621782302856445,0.6742432117462158
ALSFRS_R_FIXED_3_18M,trial_77,3.0,512.0,0.00035989558956625513,0.0,16,Huber,sigmoid,Adam,3.80460524559021,4.712982177734375,0.6542620062828064
ALSFRS_R_FIXED_3_18M,trial_83,3.0,512.0,0.000448174684196827,0.0,16,Huber,sigmoid,Adam,4.376678943634033,5.420070648193359,0.51961749792099
ALSFRS_R_FIXED_3_18M,trial_84,3.0,512.0,0.00042561147378889776,0.0,16,Huber,sigmoid,Adam,3.818321943283081,4.74797248840332,0.6518115401268005
ALSFRS_R_FIXED_3_18M,trial_2,2.0,256.0,5.674516279759251e-05,1.0,64,MAE,tanh,Adam,17.172624588012695,19.16997528076172,-3.2010505199432373
ALSFRS_R_FIXED_3_18M,trial_22,3.0,512.0,0.0005607103351367995,0.0,64,Huber,sigmoid,Adam,4.124599456787109,5.351935863494873,0.6725563406944275
ALSFRS_R_FIXED_3_18M,trial_25,3.0,512.0,0.0005981869492389196,0.0,64,Huber,sigmoid,Adam,4.136802673339844,5.1796183586120605,0.6933024525642395
ALSFRS_R_FIXED_3_18M,trial_14,2.0,512.0,0.00013998385141801003,1.0,16,Huber,sigmoid,Adam,3.881324052810669,4.952536106109619,0.6219590306282043
ALSFRS_R_FIXED_3_18M,trial_71,3.0,512.0,0.0004940548034622047,0.0,16,Huber,sigmoid,Adam,3.919936418533325,4.863670349121094,0.6386921405792236
ALSFRS_R_FIXED_3_18M,trial_3,1.0,256.0,1.2540751546520097e-05,0.0,32,MSE,ReLU,Adam,14.859905242919922,16.05800437927246,-2.0466527938842773
ALSFRS_R_FIXED_3_18M,trial_82,3.0,512.0,0.0004821631183372207,0.0,16,Huber,sigmoid,Adam,3.9673662185668945,4.750371932983398,0.6617216467857361
ALSFRS_R_FIXED_3_18M,trial_4,3.0,512.0,0.0005092181529787679,1.0,16,MAE,sigmoid,Adam,3.6806647777557373,4.672387599945068,0.6604186296463013
ALSFRS_R_FIXED_3_18M,trial_32,3.0,512.0,0.0005464578094376354,0.0,64,Huber,sigmoid,Adam,4.363212585449219,5.4913506507873535,0.6552746891975403
ALSFRS_R_FIXED_3_18M,trial_35,2.0,512.0,0.0007006683750012317,0.0,32,Huber,ReLU,Adam,4.260291576385498,5.517702579498291,0.6204395294189453
ALSFRS_R_FIXED_3_18M,trial_68,3.0,512.0,0.0008024969788425234,0.0,16,Huber,sigmoid,Adam,3.9128239154815674,4.962825298309326,0.6602138876914978
ALSFRS_R_FIXED_3_18M,trial_57,3.0,512.0,0.0003800428653100251,0.0,16,Huber,sigmoid,Adam,3.8266780376434326,4.735249042510986,0.6600152254104614
ALSFRS_R_FIXED_3_18M,trial_95,3.0,512.0,0.0004288188120671341,0.0,16,Huber,sigmoid,Adam,3.786147356033325,4.766134738922119,0.6442578434944153
ALSFRS_R_FIXED_3_18M,trial_61,3.0,512.0,0.0006145279755920566,0.0,16,Huber,sigmoid,Adam,4.532388687133789,5.760166168212891,0.40017005801200867
ALSFRS_R_FIXED_3_18M,trial_66,3.0,512.0,0.0007695939306332196,0.0,16,Huber,sigmoid,Adam,3.7435619831085205,4.70490026473999,0.6705506443977356
ALSFRS_R_FIXED_3_18M,trial_92,3.0,512.0,0.00043854360902259045,0.0,16,Huber,sigmoid,Adam,3.664630889892578,4.586052417755127,0.6662204265594482
ALSFRS_R_FIXED_3_18M,trial_58,3.0,512.0,0.0008376030892817629,0.0,16,Huber,sigmoid,Adam,3.807227373123169,4.745271682739258,0.6476446986198425
ALSFRS_R_FIXED_3_18M,trial_93,3.0,512.0,0.0004366971543496578,0.0,16,Huber,sigmoid,Adam,3.693347930908203,4.528650283813477,0.6871591210365295
ALSFRS_R_FIXED_3_18M,trial_60,3.0,512.0,0.0006334510486231377,0.0,16,Huber,sigmoid,Adam,3.7177393436431885,4.751703262329102,0.639090359210968
ALSFRS_R_FIXED_3_18M,trial_69,3.0,512.0,0.0004866814170487913,0.0,16,Huber,sigmoid,Adam,3.8899757862091064,4.923374652862549,0.6264127492904663
ALSFRS_R_FIXED_3_18M,trial_73,3.0,512.0,0.00037959759653221215,0.0,16,Huber,sigmoid,Adam,3.7963454723358154,4.6700119972229,0.6486801505088806
ALSFRS_R_FIXED_3_18M,trial_1,2.0,32.0,0.0006799576463659186,1.0,32,Huber,ReLU,Adam,5.397434711456299,7.314662456512451,0.3723379075527191
ALSFRS_R_FIXED_3_18M,trial_89,3.0,512.0,0.0004270497080417964,0.0,16,Huber,ReLU,Adam,4.713985443115234,5.973189830780029,0.3799217641353607
ALSFRS_R_FIXED_3_18M,trial_45,3.0,128.0,0.0009922086330686362,0.0,16,Huber,sigmoid,Adam,4.066919326782227,4.8459792137146,0.6128461360931396
ALSFRS_R_FIXED_3_18M,trial_8,1.0,128.0,0.0005168043153989671,1.0,16,MAE,sigmoid,Adam,3.928224563598633,4.8183674812316895,0.5616403222084045
ALSFRS_R_FIXED_3_18M,trial_11,2.0,128.0,0.000988931988065572,1.0,16,MAE,sigmoid,Adam,3.757120132446289,4.714602947235107,0.6125025153160095
ALSFRS_R_FIXED_3_18M,trial_16,3.0,512.0,6.672409441491417e-05,1.0,16,Huber,ReLU,Adam,4.303796291351318,5.564685821533203,0.4902907609939575
ALSFRS_R_FIXED_3_18M,trial_18,3.0,512.0,0.0004238443647913715,0.0,64,Huber,sigmoid,Adam,4.328999042510986,5.529350757598877,0.6504872441291809
ALSFRS_R_FIXED_3_18M,trial_44,3.0,512.0,0.0008658348265499055,0.0,64,MAE,sigmoid,Adam,3.880783796310425,5.314613342285156,0.6771073937416077
ALSFRS_R_FIXED_3_18M,trial_43,3.0,512.0,0.0008528535376120005,0.0,64,Huber,sigmoid,Adam,3.9581825733184814,4.975887298583984,0.7169547080993652
ALSFRS_R_FIXED_3_18M,trial_81,3.0,512.0,0.0004552782855808635,0.0,16,Huber,sigmoid,Adam,3.9544570446014404,4.953487873077393,0.623991072177887
ALSFRS_R_FIXED_3_18M,trial_7,3.0,128.0,0.0001937426613370083,1.0,16,MAE,tanh,Adam,15.112762451171875,17.065462112426758,-3.705183982849121
ALSFRS_R_FIXED_3_18M,trial_72,3.0,512.0,0.0004956798276328593,0.0,16,Huber,sigmoid,Adam,3.7975494861602783,4.638777256011963,0.6828284859657288
ALSFRS_R_FIXED_3_18M,trial_86,3.0,512.0,0.0004117798698918418,0.0,16,Huber,sigmoid,Adam,3.8956527709960938,4.841711044311523,0.6313567757606506
ALSFRS_R_FIXED_3_18M,trial_0,1.0,64.0,3.385979962446309e-05,1.0,32,MSE,tanh,Adam,23.73297119140625,24.544418334960938,-6.140402317047119
ALSFRS_R_FIXED_3_18M,trial_26,2.0,512.0,0.000684098266354596,0.0,32,Huber,sigmoid,Adam,3.5112454891204834,4.617967128753662,0.750896692276001
ALSFRS_R_FIXED_3_18M,trial_21,3.0,512.0,0.00041107223249766425,0.0,64,Huber,sigmoid,Adam,4.180145263671875,5.461256504058838,0.6590427160263062
ALSFRS_R_FIXED_3_18M,trial_10,3.0,512.0,0.0001125171269489701,0.0,128,Huber,sigmoid,Adam,10.081283569335938,12.186112403869629,-0.6976378560066223
ALSFRS_R_FIXED_3_12M,trial_54,1.0,512.0,0.0006862906475786881,1.0,16,Huber,sigmoid,Adam,2.602538585662842,3.250756025314331,0.8615356683731079
ALSFRS_R_FIXED_3_12M,trial_98,1.0,512.0,0.0005356423080267441,0.0,16,Huber,sigmoid,Adam,2.6408565044403076,3.2802863121032715,0.8580125570297241
ALSFRS_R_FIXED_3_12M,trial_53,1.0,512.0,0.0007766627576383019,1.0,16,Huber,sigmoid,Adam,2.7461490631103516,3.3615474700927734,0.8518286943435669
ALSFRS_R_FIXED_3_12M,trial_65,1.0,512.0,0.0004866467988332809,1.0,16,Huber,sigmoid,Adam,2.6459274291992188,3.346379280090332,0.8530275225639343
ALSFRS_R_FIXED_3_12M,trial_91,1.0,512.0,0.0003882048498322635,0.0,16,Huber,sigmoid,Adam,2.6218745708465576,3.262629985809326,0.8574522137641907
ALSFRS_R_FIXED_3_12M,trial_62,1.0,512.0,0.0008513558389066715,1.0,16,Huber,sigmoid,Adam,2.69185209274292,3.3331897258758545,0.8553465008735657
ALSFRS_R_FIXED_3_12M,trial_31,1.0,128.0,0.0008957363911224803,1.0,16,Huber,sigmoid,Adam,2.7772207260131836,3.4280941486358643,0.8486489057540894
ALSFRS_R_FIXED_3_12M,trial_63,1.0,512.0,0.0007584881587203103,1.0,16,Huber,sigmoid,Adam,2.6782989501953125,3.3478939533233643,0.8525969386100769
ALSFRS_R_FIXED_3_12M,trial_99,1.0,512.0,0.00045496054398131835,0.0,16,Huber,sigmoid,Adam,2.649986982345581,3.2882769107818604,0.8568323254585266
ALSFRS_R_FIXED_3_12M,trial_52,1.0,128.0,0.0006897768722470655,1.0,16,Huber,sigmoid,Adam,2.8198602199554443,3.459920644760132,0.8447667956352234
ALSFRS_R_FIXED_3_12M,trial_55,1.0,512.0,0.0007637851813367707,1.0,16,Huber,sigmoid,Adam,2.6360390186309814,3.284820556640625,0.857598066329956
ALSFRS_R_FIXED_3_12M,trial_12,3.0,512.0,0.000997623477081407,0.0,64,Huber,sigmoid,Adam,2.8720335960388184,3.664562940597534,0.8487194180488586
ALSFRS_R_FIXED_3_12M,trial_24,1.0,128.0,0.0002661570784419024,1.0,16,Huber,sigmoid,Adam,2.835071325302124,3.5205633640289307,0.8383148908615112
ALSFRS_R_FIXED_3_12M,trial_23,2.0,128.0,0.0004873387953238655,1.0,16,Huber,sigmoid,Adam,2.922227621078491,3.573491334915161,0.8361648321151733
ALSFRS_R_FIXED_3_12M,trial_5,3.0,64.0,0.00010730870474176848,1.0,16,MAE,tanh,Adam,5.618264198303223,6.930717945098877,0.3830316960811615
ALSFRS_R_FIXED_3_12M,trial_70,1.0,512.0,0.0004432687116964328,0.0,16,Huber,sigmoid,Adam,2.7179856300354004,3.3295109272003174,0.8572351932525635
ALSFRS_R_FIXED_3_12M,trial_2,1.0,32.0,0.0003541252629101659,1.0,32,MSE,ReLU,Adam,4.100483417510986,5.214171886444092,0.6773371696472168
ALSFRS_R_FIXED_3_12M,trial_79,1.0,512.0,0.0003742182906947558,0.0,16,Huber,sigmoid,Adam,2.611541986465454,3.2657790184020996,0.8591226935386658
ALSFRS_R_FIXED_3_12M,trial_41,1.0,128.0,0.0008936290433049687,1.0,16,Huber,sigmoid,Adam,2.8309621810913086,3.5175232887268066,0.840739905834198
ALSFRS_R_FIXED_3_12M,trial_22,1.0,128.0,0.0004799383807295166,1.0,16,Huber,sigmoid,Adam,2.7921814918518066,3.4543468952178955,0.8453102707862854
ALSFRS_R_FIXED_3_12M,trial_25,1.0,128.0,0.0005647194701007074,1.0,16,Huber,sigmoid,Adam,2.7818803787231445,3.447253704071045,0.8460369110107422
ALSFRS_R_FIXED_3_12M,trial_13,3.0,512.0,4.5181896020564765e-05,0.0,64,Huber,sigmoid,Adam,4.116087436676025,5.233695983886719,0.6986026763916016
ALSFRS_R_FIXED_3_12M,trial_14,1.0,128.0,0.000742724989670477,1.0,16,Huber,sigmoid,Adam,2.8881943225860596,3.5767266750335693,0.8345228433609009
ALSFRS_R_FIXED_3_12M,trial_71,1.0,512.0,0.0004154660897378386,0.0,16,Huber,sigmoid,Adam,2.5907764434814453,3.252241849899292,0.8588716387748718
ALSFRS_R_FIXED_3_12M,trial_3,2.0,512.0,6.153482351863551e-05,0.0,64,MAE,tanh,Adam,5.393675804138184,10.026162147521973,-0.17787927389144897
ALSFRS_R_FIXED_3_12M,trial_76,1.0,512.0,0.00038807974271045796,0.0,16,Huber,sigmoid,Adam,2.5952274799346924,3.230931520462036,0.8620038032531738
ALSFRS_R_FIXED_3_12M,trial_4,2.0,512.0,1.814322783564141e-05,0.0,16,MAE,tanh,Adam,5.091544151306152,8.564390182495117,-0.14902669191360474
ALSFRS_R_FIXED_3_12M,trial_32,1.0,128.0,0.000964980574587949,1.0,16,Huber,sigmoid,Adam,2.891867160797119,3.5432064533233643,0.8411698341369629
ALSFRS_R_FIXED_3_12M,trial_68,1.0,512.0,0.0006026478180298546,1.0,16,Huber,sigmoid,Adam,2.6550276279449463,3.325209379196167,0.8553721904754639
ALSFRS_R_FIXED_3_12M,trial_95,1.0,512.0,0.00045919409026532804,0.0,16,Huber,sigmoid,Adam,2.599207639694214,3.248610258102417,0.8620557188987732
ALSFRS_R_FIXED_3_12M,trial_61,1.0,512.0,0.000831310163300844,1.0,16,Huber,sigmoid,Adam,2.714937210083008,3.3574368953704834,0.8526493906974792
ALSFRS_R_FIXED_3_12M,trial_66,1.0,512.0,0.0007481412028148765,1.0,16,Huber,sigmoid,Adam,2.6154043674468994,3.2688136100769043,0.8590375185012817
ALSFRS_R_FIXED_3_12M,trial_92,1.0,512.0,0.0004422096641634248,0.0,16,Huber,sigmoid,Adam,2.6414363384246826,3.334444999694824,0.853073000907898
ALSFRS_R_FIXED_3_12M,trial_58,1.0,512.0,0.0004020036841169417,1.0,16,Huber,sigmoid,Adam,2.6677730083465576,3.3007991313934326,0.8575696349143982
ALSFRS_R_FIXED_3_12M,trial_93,1.0,512.0,0.00042805438286575,0.0,16,Huber,sigmoid,Adam,2.634533166885376,3.269810676574707,0.8616095185279846
ALSFRS_R_FIXED_3_12M,trial_94,1.0,512.0,0.00041943577104486447,0.0,16,Huber,sigmoid,Adam,2.6259617805480957,3.3045170307159424,0.8560452461242676
ALSFRS_R_FIXED_3_12M,trial_56,1.0,512.0,0.0007975561502479811,1.0,16,Huber,sigmoid,Adam,2.660860538482666,3.276703357696533,0.8586745262145996
ALSFRS_R_FIXED_3_12M,trial_73,1.0,512.0,0.00028885481143543947,0.0,16,Huber,sigmoid,Adam,2.5863687992095947,3.241734027862549,0.8626154065132141
ALSFRS_R_FIXED_3_12M,trial_1,1.0,256.0,0.0001862684852072369,1.0,32,MSE,tanh,Adam,4.583000183105469,6.205584526062012,0.5391056537628174
ALSFRS_R_FIXED_3_12M,trial_6,1.0,512.0,4.032444021634334e-05,1.0,16,MAE,sigmoid,Adam,2.5576725006103516,3.2550368309020996,0.8598024249076843
ALSFRS_R_FIXED_3_12M,trial_42,1.0,128.0,0.0005840655848334005,1.0,16,Huber,sigmoid,Adam,2.8387081623077393,3.482074737548828,0.8448970317840576
ALSFRS_R_FIXED_3_12M,trial_89,1.0,512.0,0.00034538889030810965,0.0,16,Huber,sigmoid,Adam,2.559004068374634,3.2053229808807373,0.8643532991409302
ALSFRS_R_FIXED_3_12M,trial_45,1.0,256.0,0.000700968839717712,1.0,16,MAE,sigmoid,Adam,2.7801475524902344,3.460784912109375,0.8454517126083374
ALSFRS_R_FIXED_3_12M,trial_11,3.0,512.0,0.00041111428556614546,0.0,64,Huber,sigmoid,Adam,2.878732442855835,3.647749185562134,0.8498412370681763
ALSFRS_R_FIXED_3_12M,trial_16,1.0,128.0,0.00012015844392223653,1.0,16,Huber,sigmoid,Adam,2.825296640396118,3.4968483448028564,0.8405617475509644
ALSFRS_R_FIXED_3_12M,trial_18,1.0,128.0,0.0003389094339815807,1.0,16,Huber,sigmoid,Adam,2.8233890533447266,3.5118324756622314,0.8397836089134216
ALSFRS_R_FIXED_3_12M,trial_44,1.0,256.0,0.0006655633877164558,1.0,16,Huber,sigmoid,Adam,2.764796733856201,3.396099090576172,0.8519781827926636
ALSFRS_R_FIXED_3_12M,trial_43,1.0,128.0,0.0009481325146579433,1.0,16,Huber,sigmoid,Adam,2.92899751663208,3.5615460872650146,0.8388634324073792
ALSFRS_R_FIXED_3_12M,trial_81,1.0,512.0,0.0004410608412368603,0.0,16,Huber,sigmoid,Adam,2.6327526569366455,3.329653024673462,0.8554766774177551
ALSFRS_R_FIXED_3_12M,trial_72,1.0,512.0,0.0002814227944680481,0.0,16,Huber,sigmoid,Adam,2.585325002670288,3.2551114559173584,0.8575955629348755
ALSFRS_R_FIXED_3_12M,trial_0,2.0,32.0,0.00017089962765327166,1.0,128,MSE,tanh,Adam,21.48067855834961,23.55782127380371,-5.038054466247559
ALSFRS_R_FIXED_3_12M,trial_19,1.0,128.0,0.00035339776811397475,1.0,32,Huber,ReLU,Adam,4.1554999351501465,5.522096633911133,0.6302646994590759
ALSFRS_R_FIXED_3_12M,trial_26,2.0,32.0,0.0006320942193924105,1.0,16,Huber,ReLU,Adam,3.967273235321045,5.196908950805664,0.650198221206665
ALSFRS_R_FIXED_3_12M,trial_17,1.0,128.0,0.0004896214444624586,1.0,16,Huber,sigmoid,Adam,2.781198263168335,3.4569385051727295,0.8432801365852356
ALSFRS_R_FIXED_3_12M,trial_10,3.0,512.0,0.0007571573173853889,0.0,64,Huber,sigmoid,Adam,3.960435152053833,4.989357948303223,0.7126433253288269
ALSFRS_R_FIXED_0_18M,trial_98,2.0,512.0,0.0005358422660583234,1.0,16,Huber,ReLU,Adam,5.231703758239746,6.575738430023193,0.27601704001426697
ALSFRS_R_FIXED_0_18M,trial_91,2.0,512.0,0.0003299104373073854,1.0,32,Huber,ReLU,Adam,5.224826335906982,6.599363803863525,0.47887375950813293
ALSFRS_R_FIXED_0_18M,trial_96,2.0,512.0,0.0004556591297855242,1.0,32,Huber,ReLU,Adam,5.212188720703125,6.750391483306885,0.44669774174690247
ALSFRS_R_FIXED_0_18M,trial_62,2.0,512.0,0.0002971234885034295,1.0,32,Huber,ReLU,Adam,5.215258598327637,6.755615234375,0.4452180862426758
ALSFRS_R_FIXED_0_18M,trial_31,3.0,128.0,0.000634948668024223,1.0,32,Huber,ReLU,Adam,5.331217288970947,6.937473773956299,0.42766833305358887
ALSFRS_R_FIXED_0_18M,trial_64,2.0,512.0,0.0003069315325345364,1.0,32,Huber,ReLU,Adam,5.072578430175781,6.545087814331055,0.48333922028541565
ALSFRS_R_FIXED_0_18M,trial_99,2.0,512.0,0.0005537037573826279,1.0,16,Huber,ReLU,Adam,5.2069010734558105,6.72804069519043,0.2663695812225342
ALSFRS_R_FIXED_0_18M,trial_55,3.0,512.0,0.0002782171913198472,1.0,32,Huber,ReLU,Adam,5.320150852203369,6.735060214996338,0.45324480533599854
ALSFRS_R_FIXED_0_18M,trial_12,3.0,128.0,0.00033482064654542575,1.0,32,Huber,ReLU,Adam,5.54282808303833,7.131452560424805,0.39100182056427
ALSFRS_R_FIXED_0_18M,trial_24,3.0,512.0,0.00038000007662910044,1.0,32,Huber,ReLU,Adam,5.2831525802612305,6.779751300811768,0.4554699659347534
ALSFRS_R_FIXED_0_18M,trial_23,3.0,128.0,0.0007300569721708013,1.0,32,Huber,ReLU,Adam,5.652841091156006,7.2635416984558105,0.3752720355987549
ALSFRS_R_FIXED_0_18M,trial_84,2.0,512.0,0.00031852183575246305,1.0,32,Huber,ReLU,Adam,5.165626049041748,6.707550525665283,0.46494075655937195
ALSFRS_R_FIXED_0_18M,trial_70,2.0,512.0,0.0003004866088331191,1.0,32,Huber,ReLU,Adam,5.553104400634766,6.987274646759033,0.4137721061706543
ALSFRS_R_FIXED_0_18M,trial_2,2.0,64.0,8.469983820276108e-05,0.0,128,MSE,ReLU,Adam,6.876017093658447,9.284745216369629,0.014504313468933105
ALSFRS_R_FIXED_0_18M,trial_46,3.0,128.0,0.0009608703329820928,0.0,32,Huber,ReLU,Adam,5.488696575164795,6.829824447631836,0.44885650277137756
ALSFRS_R_FIXED_0_18M,trial_79,2.0,512.0,0.00042198344808355313,1.0,32,Huber,ReLU,Adam,5.372188568115234,6.843379497528076,0.44481325149536133
ALSFRS_R_FIXED_0_18M,trial_41,3.0,128.0,0.0004961010217358572,0.0,32,Huber,ReLU,Adam,5.361876010894775,6.678605556488037,0.4675280749797821
ALSFRS_R_FIXED_0_18M,trial_14,3.0,256.0,0.0009543102998883469,0.0,32,Huber,ReLU,Adam,5.0639262199401855,6.407726287841797,0.49991080164909363
ALSFRS_R_FIXED_0_18M,trial_47,3.0,256.0,0.000673485742332363,1.0,32,Huber,ReLU,Adam,5.236774444580078,6.808260440826416,0.44969335198402405
ALSFRS_R_FIXED_0_18M,trial_78,2.0,512.0,0.00027201130659511703,1.0,32,Huber,ReLU,Adam,5.082300186157227,6.475709438323975,0.4983808994293213
ALSFRS_R_FIXED_0_18M,trial_71,2.0,512.0,0.00027414270903002307,1.0,32,Huber,ReLU,Adam,5.007451057434082,6.462449550628662,0.4993118941783905
ALSFRS_R_FIXED_0_18M,trial_3,3.0,512.0,0.00013670029865690052,0.0,16,MSE,sigmoid,Adam,4.502877712249756,5.7115092277526855,0.5301508903503418
ALSFRS_R_FIXED_0_18M,trial_4,3.0,128.0,1.9972432785914075e-05,0.0,128,MAE,ReLU,Adam,10.272404670715332,12.19202709197998,-0.6992862224578857
ALSFRS_R_FIXED_0_18M,trial_32,3.0,128.0,0.0008180948295935294,1.0,32,Huber,ReLU,Adam,5.611433506011963,7.301752090454102,0.36115577816963196
ALSFRS_R_FIXED_0_18M,trial_35,3.0,128.0,0.00048277056491684615,0.0,32,Huber,ReLU,Adam,5.229114055633545,6.821985721588135,0.4497683048248291
ALSFRS_R_FIXED_0_18M,trial_68,2.0,512.0,0.000303596064526285,1.0,32,Huber,ReLU,Adam,5.227454662322998,6.651149749755859,0.4711975157260895
ALSFRS_R_FIXED_0_18M,trial_61,2.0,512.0,0.0002825028623809575,1.0,32,Huber,ReLU,Adam,5.084660530090332,6.571067810058594,0.48184967041015625
ALSFRS_R_FIXED_0_18M,trial_59,2.0,512.0,0.0003765478857531796,1.0,32,Huber,ReLU,Adam,5.323620796203613,6.888906478881836,0.43288299441337585
ALSFRS_R_FIXED_0_18M,trial_66,2.0,512.0,0.0003176122759675734,1.0,32,Huber,ReLU,Adam,5.356985569000244,6.725244522094727,0.4582650363445282
ALSFRS_R_FIXED_0_18M,trial_33,3.0,128.0,0.0008138275646333982,1.0,32,Huber,ReLU,Adam,5.813938140869141,7.438018798828125,0.329615980386734
ALSFRS_R_FIXED_0_18M,trial_93,2.0,512.0,0.0002948181703954622,1.0,32,Huber,ReLU,Adam,5.0925445556640625,6.6656718254089355,0.466067910194397
ALSFRS_R_FIXED_0_18M,trial_67,2.0,512.0,0.0003254726543085365,1.0,32,Huber,ReLU,Adam,5.264517307281494,6.743137359619141,0.45363202691078186
ALSFRS_R_FIXED_0_18M,trial_51,3.0,256.0,0.0006414837667883766,1.0,32,Huber,ReLU,Adam,5.3866705894470215,6.944919586181641,0.43076422810554504
ALSFRS_R_FIXED_0_18M,trial_1,3.0,128.0,0.0009474492322085987,0.0,32,Huber,ReLU,Adam,5.536165714263916,7.143198490142822,0.39918646216392517
ALSFRS_R_FIXED_0_18M,trial_74,2.0,512.0,0.00033489338525847286,1.0,32,Huber,ReLU,Adam,5.031042575836182,6.468235015869141,0.4982413053512573
ALSFRS_R_FIXED_0_18M,trial_42,3.0,128.0,0.0006268665582539468,0.0,32,Huber,ReLU,Adam,5.311615467071533,6.762721538543701,0.4586374759674072
ALSFRS_R_FIXED_0_18M,trial_11,3.0,128.0,0.000997550275646464,1.0,32,Huber,ReLU,Adam,5.804532527923584,7.746605396270752,0.27817201614379883
ALSFRS_R_FIXED_0_18M,trial_43,3.0,128.0,0.0008280272202482534,0.0,32,Huber,ReLU,Adam,5.444934368133545,6.955686092376709,0.43268176913261414
ALSFRS_R_FIXED_0_18M,trial_88,2.0,512.0,0.00034690122022084085,1.0,32,Huber,ReLU,Adam,5.366147994995117,6.834064483642578,0.4414558410644531
ALSFRS_R_FIXED_0_18M,trial_81,2.0,512.0,0.0003117395076005207,1.0,32,Huber,ReLU,Adam,5.057934284210205,6.476564884185791,0.49889540672302246
ALSFRS_R_FIXED_0_18M,trial_72,2.0,512.0,0.00028187669928334973,1.0,32,Huber,ReLU,Adam,5.084679126739502,6.490789890289307,0.4926532804965973
ALSFRS_R_FIXED_0_18M,trial_0,2.0,512.0,3.1507960537507736e-05,0.0,128,Huber,tanh,Adam,20.849811553955078,23.17473793029785,-5.13966178894043
ALSFRS_R_FIXED_0_18M,trial_26,3.0,128.0,0.0005880461379324167,1.0,32,Huber,ReLU,Adam,5.650850772857666,7.2007598876953125,0.3779873847961426
ALSFRS_R_FIXED_0_18M,trial_21,3.0,128.0,0.0002967290464656002,1.0,32,Huber,ReLU,Adam,5.840378284454346,7.621452331542969,0.31199535727500916
ALSFRS_R_FIXED_0_18M,trial_17,1.0,128.0,0.0005575795579408215,0.0,32,Huber,ReLU,Adam,5.929952144622803,7.818898677825928,0.276225209236145
ALSFRS_R_FIXED_0_18M,trial_10,3.0,128.0,0.0003273765794220602,1.0,32,Huber,ReLU,Adam,5.661013126373291,7.199059009552002,0.3838459253311157
ALSFRS_R_FIXED_0_6M,trial_53,3.0,256.0,0.0008224143679560185,0.0,64,Huber,sigmoid,Adam,2.7888007164001465,3.8004467487335205,0.784069299697876
ALSFRS_R_FIXED_0_6M,trial_65,3.0,256.0,0.0009880995805984505,0.0,16,Huber,sigmoid,Adam,2.893723964691162,3.763561487197876,0.7535199522972107
ALSFRS_R_FIXED_0_6M,trial_91,2.0,256.0,0.0008450720253711005,0.0,16,Huber,sigmoid,Adam,2.6293020248413086,3.4479548931121826,0.7970718741416931
ALSFRS_R_FIXED_0_6M,trial_62,3.0,256.0,0.000979867387611402,0.0,16,Huber,sigmoid,Adam,2.7110416889190674,3.636204957962036,0.7784993052482605
ALSFRS_R_FIXED_0_6M,trial_36,3.0,64.0,0.0007156035516203637,0.0,16,Huber,sigmoid,Adam,2.9156503677368164,3.8471195697784424,0.7454882264137268
ALSFRS_R_FIXED_0_6M,trial_31,3.0,256.0,0.0006242487595550636,0.0,64,Huber,sigmoid,Adam,2.824993848800659,3.751660108566284,0.7908333539962769
ALSFRS_R_FIXED_0_6M,trial_38,2.0,64.0,0.000508189548071466,1.0,16,Huber,ReLU,Adam,3.3334035873413086,4.312178611755371,0.6764371395111084
ALSFRS_R_FIXED_0_6M,trial_63,3.0,256.0,0.0009087892015367196,0.0,16,Huber,sigmoid,Adam,2.885897636413574,3.718313217163086,0.7590009570121765
ALSFRS_R_FIXED_0_6M,trial_97,2.0,256.0,0.000880465976883111,0.0,16,Huber,sigmoid,Adam,2.8437395095825195,3.6537363529205322,0.770538866519928
ALSFRS_R_FIXED_0_6M,trial_64,3.0,256.0,0.0008982089326137993,0.0,16,Huber,sigmoid,Adam,2.8337135314941406,3.775371789932251,0.7567815184593201
ALSFRS_R_FIXED_0_6M,trial_52,3.0,256.0,0.0006578601672134961,0.0,64,Huber,sigmoid,Adam,2.977949619293213,3.8707809448242188,0.7790674567222595
ALSFRS_R_FIXED_0_6M,trial_39,3.0,64.0,0.0007756422186864564,0.0,16,MAE,sigmoid,Adam,2.8965728282928467,3.7499313354492188,0.7588790655136108
ALSFRS_R_FIXED_0_6M,trial_12,3.0,256.0,0.00026842123647399796,0.0,64,Huber,sigmoid,Adam,2.9295599460601807,3.8713533878326416,0.7785046100616455
ALSFRS_R_FIXED_0_6M,trial_23,3.0,256.0,0.0006122212593318533,0.0,64,Huber,sigmoid,Adam,2.8412723541259766,3.8388190269470215,0.780436635017395
ALSFRS_R_FIXED_0_6M,trial_83,2.0,256.0,0.0008064223294605177,0.0,16,Huber,sigmoid,Adam,2.688330888748169,3.5390396118164062,0.7831137776374817
ALSFRS_R_FIXED_0_6M,trial_5,3.0,256.0,0.000133895610003205,0.0,64,MAE,sigmoid,Adam,2.849698066711426,3.8158786296844482,0.7839321494102478
ALSFRS_R_FIXED_0_6M,trial_70,2.0,256.0,0.0009656637934540058,0.0,16,Huber,sigmoid,Adam,2.666597843170166,3.5726430416107178,0.7804153561592102
ALSFRS_R_FIXED_0_6M,trial_2,2.0,64.0,0.0004906395781164881,0.0,16,MAE,tanh,Adam,3.175713062286377,4.309016227722168,0.662301242351532
ALSFRS_R_FIXED_0_6M,trial_46,3.0,512.0,0.0008919558795064385,1.0,16,MAE,sigmoid,Adam,2.8892409801483154,3.7880632877349854,0.7477956414222717
ALSFRS_R_FIXED_0_6M,trial_22,3.0,256.0,0.0006210601790974176,0.0,64,Huber,sigmoid,Adam,2.8970837593078613,3.7982959747314453,0.7876861691474915
ALSFRS_R_FIXED_0_6M,trial_47,3.0,256.0,0.0007325128840760328,0.0,64,Huber,sigmoid,Adam,2.86755633354187,3.781177282333374,0.7888373136520386
ALSFRS_R_FIXED_0_6M,trial_71,2.0,256.0,0.0009491395633831641,0.0,16,Huber,sigmoid,Adam,2.6540043354034424,3.58341121673584,0.7771698236465454
ALSFRS_R_FIXED_0_6M,trial_85,2.0,512.0,0.0007427769741365687,0.0,16,Huber,sigmoid,Adam,2.736158847808838,3.646658182144165,0.7711873650550842
ALSFRS_R_FIXED_0_6M,trial_3,1.0,64.0,0.00014760089869171128,0.0,32,MSE,sigmoid,Adam,2.867095947265625,3.979199171066284,0.7466164827346802
ALSFRS_R_FIXED_0_6M,trial_82,2.0,256.0,0.0008572560890821216,0.0,16,Huber,sigmoid,Adam,2.6631410121917725,3.5657331943511963,0.782193124294281
ALSFRS_R_FIXED_0_6M,trial_4,1.0,256.0,0.00038106485034365256,1.0,16,Huber,ReLU,Adam,3.4099040031433105,4.444944858551025,0.656488299369812
ALSFRS_R_FIXED_0_6M,trial_61,3.0,256.0,0.0009285130722892052,0.0,16,Huber,sigmoid,Adam,2.811875343322754,3.6916143894195557,0.7659478783607483
ALSFRS_R_FIXED_0_6M,trial_59,3.0,256.0,0.0009965869044260577,0.0,16,Huber,sigmoid,Adam,2.911985397338867,3.7512428760528564,0.7519239783287048
ALSFRS_R_FIXED_0_6M,trial_66,3.0,256.0,0.000725477828227952,0.0,16,Huber,sigmoid,Adam,2.7431044578552246,3.639204502105713,0.7678171992301941
ALSFRS_R_FIXED_0_6M,trial_34,3.0,256.0,0.0005826649431295115,0.0,16,Huber,sigmoid,Adam,2.7960078716278076,3.652651071548462,0.7680920958518982
ALSFRS_R_FIXED_0_6M,trial_93,2.0,256.0,0.0008564062261768188,0.0,16,Huber,sigmoid,Adam,2.629690170288086,3.5478415489196777,0.788390040397644
ALSFRS_R_FIXED_0_6M,trial_67,3.0,256.0,0.000992582381380723,0.0,16,Huber,sigmoid,Adam,2.7626070976257324,3.636082887649536,0.7723419666290283
ALSFRS_R_FIXED_0_6M,trial_60,3.0,256.0,0.000959713709982787,0.0,16,Huber,sigmoid,Adam,2.780519962310791,3.7115867137908936,0.7678317427635193
ALSFRS_R_FIXED_0_6M,trial_69,2.0,256.0,0.0009411730266412965,0.0,16,Huber,sigmoid,Adam,2.6563305854797363,3.571117639541626,0.7776076793670654
ALSFRS_R_FIXED_0_6M,trial_73,2.0,256.0,0.0007955805805425699,0.0,16,Huber,sigmoid,Adam,2.600393533706665,3.51210618019104,0.7873942255973816
ALSFRS_R_FIXED_0_6M,trial_1,2.0,128.0,5.587999042960481e-05,0.0,16,MSE,tanh,Adam,8.549025535583496,13.57640552520752,-2.7479584217071533
ALSFRS_R_FIXED_0_6M,trial_74,2.0,256.0,0.0007706174481139027,0.0,16,Huber,sigmoid,Adam,2.6559550762176514,3.4625864028930664,0.7913608551025391
ALSFRS_R_FIXED_0_6M,trial_6,2.0,256.0,0.0002838240544871406,0.0,128,Huber,sigmoid,Adam,2.66056752204895,3.585639476776123,0.8147987127304077
ALSFRS_R_FIXED_0_6M,trial_8,2.0,64.0,0.0004845574443032501,0.0,16,MAE,ReLU,Adam,3.291581869125366,4.282770156860352,0.6821119785308838
ALSFRS_R_FIXED_0_6M,trial_11,3.0,256.0,0.00022123803703718873,0.0,64,Huber,sigmoid,Adam,3.0052731037139893,3.98663067817688,0.7648435235023499
ALSFRS_R_FIXED_0_6M,trial_29,3.0,512.0,0.00045183566787906936,1.0,128,Huber,ReLU,Adam,3.195448875427246,4.297025680541992,0.7332575917243958
ALSFRS_R_FIXED_0_6M,trial_81,2.0,256.0,0.0008532588096471285,0.0,16,Huber,sigmoid,Adam,2.694460391998291,3.5463361740112305,0.7806694507598877
ALSFRS_R_FIXED_0_6M,trial_7,2.0,128.0,0.0008106541239637292,1.0,128,MAE,ReLU,Adam,3.503098249435425,4.599422454833984,0.6925175189971924
ALSFRS_R_FIXED_0_6M,trial_72,2.0,256.0,0.0009824884333206176,0.0,16,Huber,sigmoid,Adam,2.6683297157287598,3.5300676822662354,0.7871891260147095
ALSFRS_R_FIXED_0_6M,trial_0,3.0,512.0,3.866446330679988e-05,1.0,128,Huber,sigmoid,Adam,16.953285217285156,18.64400291442871,-4.104770660400391
ALSFRS_R_FIXED_0_6M,trial_21,3.0,256.0,0.00033534843328200176,0.0,64,Huber,sigmoid,Adam,2.8610541820526123,3.800297260284424,0.7868616580963135
ALSFRS_R_FIXED_12_15M,trial_53,2.0,512.0,0.0005263318480391911,0.0,16,Huber,sigmoid,Adam,3.065166711807251,3.628389596939087,0.8638637661933899
ALSFRS_R_FIXED_12_15M,trial_91,2.0,512.0,0.00033580678315723694,0.0,16,Huber,sigmoid,Adam,2.7856757640838623,3.261268138885498,0.8915110230445862
ALSFRS_R_FIXED_12_15M,trial_62,2.0,512.0,0.000362461952022426,0.0,16,Huber,sigmoid,Adam,2.9662439823150635,3.4224300384521484,0.8817395567893982
ALSFRS_R_FIXED_12_15M,trial_31,2.0,512.0,0.0005160390384349246,1.0,16,Huber,sigmoid,Adam,3.060441255569458,3.5745606422424316,0.873437225818634
ALSFRS_R_FIXED_12_15M,trial_63,2.0,512.0,0.00024728356876906244,0.0,16,Huber,sigmoid,Adam,2.879732131958008,3.333446741104126,0.8866754770278931
ALSFRS_R_FIXED_12_15M,trial_64,2.0,512.0,0.0003356025391561757,0.0,16,Huber,sigmoid,Adam,2.938859224319458,3.416624069213867,0.8801789283752441
ALSFRS_R_FIXED_12_15M,trial_55,2.0,512.0,0.00030644059596738574,0.0,16,Huber,sigmoid,Adam,3.059666633605957,3.586793899536133,0.868005633354187
ALSFRS_R_FIXED_12_15M,trial_15,2.0,512.0,0.0009496085220495318,1.0,64,Huber,sigmoid,Adam,3.1072800159454346,3.813804864883423,0.8617627024650574
ALSFRS_R_FIXED_12_15M,trial_12,3.0,256.0,0.00029876766042634796,1.0,16,Huber,sigmoid,Adam,4.132977485656738,5.025174617767334,0.7444116473197937
ALSFRS_R_FIXED_12_15M,trial_24,2.0,512.0,0.0004889876668982393,1.0,16,Huber,sigmoid,Adam,3.164576768875122,3.6422834396362305,0.8688848614692688
ALSFRS_R_FIXED_12_15M,trial_23,2.0,512.0,0.0006499935499951052,1.0,16,Huber,sigmoid,Adam,3.216259241104126,3.7410035133361816,0.861224353313446
ALSFRS_R_FIXED_12_15M,trial_83,2.0,512.0,0.00037877872901989775,0.0,16,Huber,sigmoid,Adam,2.8171885013580322,3.245595932006836,0.8925742506980896
ALSFRS_R_FIXED_12_15M,trial_5,1.0,128.0,0.00042584956796013574,1.0,64,Huber,sigmoid,Adam,2.923095226287842,3.6653554439544678,0.8720829486846924
ALSFRS_R_FIXED_12_15M,trial_84,2.0,512.0,0.0005964066420848641,0.0,16,Huber,sigmoid,Adam,2.823397636413574,3.3015220165252686,0.8885560631752014
ALSFRS_R_FIXED_12_15M,trial_70,2.0,512.0,0.0008756810460660619,0.0,16,Huber,sigmoid,Adam,2.7984824180603027,3.346220016479492,0.8867430686950684
ALSFRS_R_FIXED_12_15M,trial_2,1.0,128.0,4.129391738002335e-05,1.0,16,MAE,tanh,Adam,13.966361045837402,17.685626983642578,-2.3619678020477295
ALSFRS_R_FIXED_12_15M,trial_46,2.0,512.0,0.0003199616210934942,0.0,16,Huber,sigmoid,Adam,2.851807117462158,3.3386452198028564,0.8854188323020935
ALSFRS_R_FIXED_12_15M,trial_41,2.0,512.0,0.0005438877803758525,0.0,16,Huber,sigmoid,Adam,2.845519542694092,3.345964193344116,0.8860437273979187
ALSFRS_R_FIXED_12_15M,trial_22,2.0,512.0,0.0006346592600947282,1.0,16,Huber,sigmoid,Adam,3.067554235458374,3.6012749671936035,0.8676750659942627
ALSFRS_R_FIXED_12_15M,trial_25,2.0,512.0,0.0002636611519135974,1.0,16,Huber,sigmoid,Adam,3.195443630218506,3.7053003311157227,0.8613540530204773
ALSFRS_R_FIXED_12_15M,trial_13,3.0,256.0,0.0003431380291823558,1.0,64,Huber,sigmoid,Adam,8.62067985534668,10.83464241027832,-0.12149665504693985
ALSFRS_R_FIXED_12_15M,trial_14,2.0,256.0,0.0007424983831559483,1.0,16,Huber,sigmoid,Adam,3.0779287815093994,3.6505215167999268,0.865339994430542
ALSFRS_R_FIXED_12_15M,trial_47,2.0,512.0,0.00024607139128735456,0.0,16,Huber,sigmoid,Adam,2.949738025665283,3.381605386734009,0.8862379789352417
ALSFRS_R_FIXED_12_15M,trial_71,2.0,512.0,0.00027259026716609395,0.0,16,Huber,sigmoid,Adam,2.7744300365448,3.249847888946533,0.8915629982948303
ALSFRS_R_FIXED_12_15M,trial_85,2.0,512.0,0.0006580252317034174,0.0,16,Huber,sigmoid,Adam,3.1782948970794678,3.6780052185058594,0.8653237819671631
ALSFRS_R_FIXED_12_15M,trial_3,3.0,128.0,1.0109363627842551e-05,1.0,32,MAE,tanh,Adam,23.483720779418945,25.318748474121094,-5.271239757537842
ALSFRS_R_FIXED_12_15M,trial_4,3.0,64.0,2.932396317305275e-05,1.0,16,Huber,ReLU,Adam,4.473019123077393,5.534621238708496,0.6631394624710083
ALSFRS_R_FIXED_12_15M,trial_32,2.0,512.0,0.00036719196350818735,0.0,16,Huber,sigmoid,Adam,2.888103723526001,3.3840954303741455,0.8825389742851257
ALSFRS_R_FIXED_12_15M,trial_95,2.0,512.0,0.0003433386264255506,0.0,16,Huber,sigmoid,Adam,3.100274085998535,3.608144760131836,0.8683500289916992
ALSFRS_R_FIXED_12_15M,trial_92,2.0,512.0,0.0005638921305799119,0.0,16,Huber,sigmoid,Adam,2.975147247314453,3.473076105117798,0.8780267238616943
ALSFRS_R_FIXED_12_15M,trial_33,2.0,512.0,0.0003287745323011999,0.0,32,Huber,sigmoid,Adam,2.9201371669769287,3.4427428245544434,0.8833818435668945
ALSFRS_R_FIXED_12_15M,trial_58,2.0,512.0,0.0007924956193026852,0.0,16,Huber,sigmoid,Adam,2.930022716522217,3.42147159576416,0.8810728788375854
ALSFRS_R_FIXED_12_15M,trial_93,2.0,512.0,0.0004962799085120069,0.0,16,Huber,sigmoid,Adam,2.887434720993042,3.4178359508514404,0.8805846571922302
ALSFRS_R_FIXED_12_15M,trial_94,2.0,512.0,0.00033924225494121356,0.0,16,Huber,sigmoid,Adam,2.8673651218414307,3.33724308013916,0.8871640563011169
ALSFRS_R_FIXED_12_15M,trial_69,2.0,512.0,0.0002363194602626448,0.0,16,Huber,ReLU,Adam,3.4535608291625977,4.364559173583984,0.7957879900932312
ALSFRS_R_FIXED_12_15M,trial_51,2.0,512.0,0.0003202505861422951,0.0,16,Huber,sigmoid,Adam,2.8451294898986816,3.2715792655944824,0.8904414176940918
ALSFRS_R_FIXED_12_15M,trial_87,2.0,512.0,0.0007324903141056265,0.0,16,Huber,ReLU,Adam,3.5852153301239014,4.524174690246582,0.7912226319313049
ALSFRS_R_FIXED_12_15M,trial_1,1.0,64.0,1.6150438875179467e-05,0.0,32,Huber,tanh,Adam,23.695632934570312,25.281930923461914,-5.261033058166504
ALSFRS_R_FIXED_12_15M,trial_74,2.0,512.0,0.0003376124978750329,0.0,16,Huber,sigmoid,Adam,2.8929202556610107,3.3922412395477295,0.8811891674995422
ALSFRS_R_FIXED_12_15M,trial_42,2.0,512.0,0.0005293107057566931,0.0,16,Huber,sigmoid,Adam,2.9377024173736572,3.4842822551727295,0.8745745420455933
ALSFRS_R_FIXED_12_15M,trial_89,2.0,512.0,0.0004540873523500975,0.0,16,Huber,sigmoid,Adam,2.823765516281128,3.2730393409729004,0.8916120529174805
ALSFRS_R_FIXED_12_15M,trial_8,1.0,32.0,0.0009747871046057796,1.0,128,Huber,ReLU,Adam,5.022233486175537,6.536418914794922,0.5977044105529785
ALSFRS_R_FIXED_12_15M,trial_29,1.0,512.0,0.00043858908828437723,0.0,16,MAE,sigmoid,Adam,2.4336719512939453,2.996659755706787,0.909907341003418
ALSFRS_R_FIXED_12_15M,trial_20,2.0,512.0,0.0006378298815082889,1.0,16,Huber,tanh,Adam,3.2862837314605713,4.110682964324951,0.8262707591056824
ALSFRS_R_FIXED_12_15M,trial_18,2.0,256.0,0.00012251509225269023,0.0,32,Huber,sigmoid,Adam,3.6527962684631348,4.399157524108887,0.8119082450866699
ALSFRS_R_FIXED_12_15M,trial_27,3.0,512.0,7.508157371354798e-05,0.0,16,Huber,sigmoid,Adam,4.320338726043701,5.261233806610107,0.7284725308418274
ALSFRS_R_FIXED_12_15M,trial_43,2.0,512.0,0.00045612059674714434,0.0,16,Huber,sigmoid,Adam,2.8550260066986084,3.322852373123169,0.8857345581054688
ALSFRS_R_FIXED_12_15M,trial_88,2.0,512.0,0.0004017869490801091,0.0,16,Huber,sigmoid,Adam,3.459404230117798,4.203978538513184,0.8257901072502136
ALSFRS_R_FIXED_12_15M,trial_7,1.0,64.0,0.00013172017276537906,0.0,128,Huber,ReLU,Adam,7.693179607391357,9.477776527404785,0.15417885780334473
ALSFRS_R_FIXED_12_15M,trial_86,2.0,512.0,0.0005854917610887737,0.0,16,Huber,sigmoid,Adam,3.2143638134002686,3.756247043609619,0.8580166697502136
ALSFRS_R_FIXED_12_15M,trial_0,1.0,32.0,0.0004352619738181209,1.0,128,MSE,ReLU,Adam,5.228248119354248,6.697356224060059,0.5776500701904297
ALSFRS_R_FIXED_12_15M,trial_26,2.0,512.0,0.00017688169992981028,0.0,16,Huber,sigmoid,Adam,2.8284096717834473,3.280244827270508,0.8902428150177002
ALSFRS_R_FIXED_12_15M,trial_21,2.0,512.0,0.0006993953108488552,1.0,16,Huber,sigmoid,Adam,3.130774974822998,3.720879554748535,0.8604682087898254
ALSFRS_R_FIXED_12_15M,trial_17,2.0,512.0,0.0006407790805634286,1.0,16,Huber,sigmoid,Adam,3.1448752880096436,3.6288657188415527,0.8693270683288574
ALSFRS_R_FIXED_0_12M,trial_53,1.0,512.0,0.0007634577699439575,1.0,16,Huber,sigmoid,Adam,2.671919822692871,3.40183424949646,0.8517760038375854
ALSFRS_R_FIXED_0_12M,trial_91,1.0,512.0,0.0005271694725128967,1.0,16,Huber,sigmoid,Adam,2.686001777648926,3.4171838760375977,0.8453437089920044
ALSFRS_R_FIXED_0_12M,trial_96,1.0,512.0,0.0003891906009862382,1.0,16,Huber,sigmoid,Adam,2.7085659503936768,3.453484058380127,0.8434020280838013
ALSFRS_R_FIXED_0_12M,trial_31,1.0,512.0,0.0004052399473625463,1.0,16,Huber,sigmoid,Adam,2.688690423965454,3.4247395992279053,0.8479604125022888
ALSFRS_R_FIXED_0_12M,trial_63,1.0,512.0,0.000461940023434023,1.0,16,Huber,sigmoid,Adam,2.7501730918884277,3.4672434329986572,0.844262957572937
ALSFRS_R_FIXED_0_12M,trial_64,1.0,512.0,0.0003916934528322213,1.0,16,Huber,sigmoid,Adam,2.6849567890167236,3.4012506008148193,0.8500332832336426
ALSFRS_R_FIXED_0_12M,trial_12,1.0,256.0,0.0008681703990865086,0.0,32,MAE,sigmoid,Adam,2.9768319129943848,3.8122148513793945,0.8344413042068481
ALSFRS_R_FIXED_0_12M,trial_84,1.0,512.0,0.0004537450317696679,1.0,16,Huber,sigmoid,Adam,2.6840338706970215,3.4186911582946777,0.8476216197013855
ALSFRS_R_FIXED_0_12M,trial_2,1.0,256.0,0.0007696224371418589,1.0,16,Huber,ReLU,Adam,3.9103012084960938,4.956683158874512,0.6722947955131531
ALSFRS_R_FIXED_0_12M,trial_41,1.0,512.0,0.0003505653515124733,1.0,16,Huber,sigmoid,Adam,2.7030701637268066,3.428576707839966,0.8490914702415466
ALSFRS_R_FIXED_0_12M,trial_22,1.0,256.0,0.0005315889668761786,1.0,16,Huber,sigmoid,Adam,2.8903310298919678,3.651611328125,0.8287346959114075
ALSFRS_R_FIXED_0_12M,trial_71,1.0,512.0,0.00047085109907550994,1.0,16,Huber,sigmoid,Adam,2.7881810665130615,3.530642509460449,0.8396978974342346
ALSFRS_R_FIXED_0_12M,trial_3,2.0,64.0,7.900837913707026e-05,1.0,16,Huber,ReLU,Adam,4.305490493774414,5.5313873291015625,0.5903987884521484
ALSFRS_R_FIXED_0_12M,trial_4,2.0,32.0,0.0007970192143338978,0.0,64,MAE,sigmoid,Adam,3.384737014770508,4.245664119720459,0.7970597147941589
ALSFRS_R_FIXED_0_12M,trial_32,1.0,512.0,0.000336130527013418,1.0,16,Huber,sigmoid,Adam,2.734856367111206,3.454979419708252,0.8459860682487488
ALSFRS_R_FIXED_0_12M,trial_35,1.0,512.0,0.0003599606141887507,1.0,16,Huber,sigmoid,Adam,2.6601760387420654,3.4121410846710205,0.8471571803092957
ALSFRS_R_FIXED_0_12M,trial_34,1.0,512.0,0.0003248796081849547,1.0,16,Huber,sigmoid,Adam,2.657691240310669,3.3916637897491455,0.8506802916526794
ALSFRS_R_FIXED_0_12M,trial_58,1.0,512.0,0.0006172057538773301,1.0,16,Huber,sigmoid,Adam,2.713286876678467,3.4777114391326904,0.8397090435028076
ALSFRS_R_FIXED_0_12M,trial_93,1.0,512.0,0.0004366634871521343,1.0,16,Huber,sigmoid,Adam,2.753169536590576,3.454219341278076,0.8461325168609619
ALSFRS_R_FIXED_0_12M,trial_94,1.0,512.0,0.0004394737374187349,1.0,16,Huber,sigmoid,Adam,2.768592119216919,3.527052164077759,0.8368995189666748
ALSFRS_R_FIXED_0_12M,trial_51,1.0,512.0,0.00036865910567312934,1.0,16,Huber,sigmoid,Adam,2.763601064682007,3.4875223636627197,0.8405734896659851
ALSFRS_R_FIXED_0_12M,trial_1,2.0,32.0,0.00033594892206853923,0.0,64,Huber,ReLU,Adam,4.454404354095459,5.868003845214844,0.6072999835014343
ALSFRS_R_FIXED_0_12M,trial_74,1.0,512.0,0.0005829512813474574,1.0,16,Huber,sigmoid,Adam,2.730318546295166,3.4925003051757812,0.838679850101471
ALSFRS_R_FIXED_0_12M,trial_16,1.0,256.0,0.000986535420337203,1.0,16,MAE,sigmoid,Adam,2.997793197631836,3.81628680229187,0.8138132691383362
ALSFRS_R_FIXED_0_12M,trial_20,1.0,256.0,0.0005593654404907982,1.0,16,Huber,sigmoid,Adam,2.788527011871338,3.554647922515869,0.8376610279083252
ALSFRS_R_FIXED_0_12M,trial_27,1.0,512.0,0.00030642778669089956,1.0,16,Huber,sigmoid,Adam,2.6976215839385986,3.435696840286255,0.8433495163917542
ALSFRS_R_FIXED_0_12M,trial_43,1.0,512.0,0.0003607732102565114,1.0,16,Huber,sigmoid,Adam,2.671175718307495,3.4207401275634766,0.8444684147834778
ALSFRS_R_FIXED_0_12M,trial_75,1.0,512.0,0.0005029280918980841,1.0,16,Huber,sigmoid,Adam,2.796480894088745,3.5489203929901123,0.8352002501487732
ALSFRS_R_FIXED_0_12M,trial_72,1.0,512.0,0.0008625727816911681,1.0,16,Huber,sigmoid,Adam,2.7647430896759033,3.4641406536102295,0.8451651930809021
ALSFRS_R_FIXED_0_12M,trial_0,1.0,512.0,1.6947264336308246e-05,1.0,64,Huber,ReLU,Adam,5.0313520431518555,6.6216654777526855,0.502109706401825
ALSFRS_R_FIXED_0_12M,trial_26,1.0,512.0,0.0003026149311324585,1.0,16,Huber,sigmoid,Adam,2.7580201625823975,3.49761700630188,0.8413816690444946
ALSFRS_R_FIXED_0_12M,trial_21,1.0,256.0,0.0005951494742080882,1.0,16,Huber,sigmoid,Adam,2.800365924835205,3.527074098587036,0.8393017053604126
ALSFRS_R_FIXED_0_12M,trial_17,1.0,128.0,0.000269151826342261,1.0,16,MAE,ReLU,Adam,4.4548139572143555,5.73428201675415,0.5614123940467834
ALSFRS_R_FIXED_3_15M,trial_54,3.0,256.0,0.00013517988171279314,1.0,16,Huber,ReLU,Adam,4.152251720428467,5.201632022857666,0.5968878269195557
ALSFRS_R_FIXED_3_15M,trial_53,3.0,256.0,0.00014011730132414493,1.0,16,Huber,ReLU,Adam,4.403277397155762,5.488301753997803,0.5614911913871765
ALSFRS_R_FIXED_3_15M,trial_65,3.0,512.0,0.000456385246606011,1.0,16,Huber,ReLU,Adam,4.210355758666992,5.267484664916992,0.5881885290145874
ALSFRS_R_FIXED_3_15M,trial_91,3.0,256.0,0.000910598550268989,1.0,64,Huber,ReLU,Adam,4.534851551055908,5.723825931549072,0.6098160147666931
ALSFRS_R_FIXED_3_15M,trial_62,3.0,256.0,0.0003238477366556098,1.0,16,Huber,ReLU,Adam,4.251286506652832,5.276212692260742,0.5993876457214355
ALSFRS_R_FIXED_3_15M,trial_36,3.0,256.0,0.00011382665363639709,1.0,128,Huber,ReLU,Adam,4.250483989715576,5.489439487457275,0.6427119374275208
ALSFRS_R_FIXED_3_15M,trial_63,3.0,256.0,0.0006487576780982939,1.0,16,Huber,ReLU,Adam,4.380231857299805,5.531721115112305,0.5502995848655701
ALSFRS_R_FIXED_3_15M,trial_64,3.0,256.0,0.00031339384521480686,1.0,16,Huber,ReLU,Adam,4.320820331573486,5.391972064971924,0.5711380243301392
ALSFRS_R_FIXED_3_15M,trial_52,3.0,256.0,0.00010200475558653635,1.0,16,Huber,ReLU,Adam,4.130970478057861,5.17077112197876,0.6021256446838379
ALSFRS_R_FIXED_3_15M,trial_55,3.0,256.0,0.00023447749222568686,1.0,16,Huber,ReLU,Adam,4.065366744995117,5.10076904296875,0.6137856841087341
ALSFRS_R_FIXED_3_15M,trial_15,3.0,256.0,2.7904611558714828e-05,1.0,32,Huber,ReLU,Adam,4.267640113830566,5.37729549407959,0.619389533996582
ALSFRS_R_FIXED_3_15M,trial_12,2.0,128.0,1.011422877547596e-05,1.0,16,Huber,ReLU,Adam,6.672146797180176,8.379422187805176,-0.03275240585207939
ALSFRS_R_FIXED_3_15M,trial_24,3.0,256.0,7.3811943710187e-05,1.0,32,Huber,ReLU,Adam,4.37469482421875,5.46882963180542,0.6051323413848877
ALSFRS_R_FIXED_3_15M,trial_23,3.0,256.0,0.00013016409500347378,1.0,32,Huber,ReLU,Adam,4.461177349090576,5.599526405334473,0.5892276167869568
ALSFRS_R_FIXED_3_15M,trial_83,3.0,256.0,0.0008735319500663139,1.0,64,Huber,ReLU,Adam,4.452677249908447,5.618258476257324,0.622393012046814
ALSFRS_R_FIXED_3_15M,trial_5,3.0,512.0,0.0002170324243883144,0.0,128,MAE,tanh,Adam,24.257463455200195,24.895238876342773,-6.348438739776611
ALSFRS_R_FIXED_3_15M,trial_84,3.0,256.0,0.0008353648532140021,1.0,64,Huber,ReLU,Adam,4.35684061050415,5.566789150238037,0.6313918828964233
ALSFRS_R_FIXED_3_15M,trial_2,1.0,128.0,2.4871332003576316e-05,1.0,128,MSE,tanh,Adam,25.85520362854004,26.88461685180664,-7.569789886474609
ALSFRS_R_FIXED_3_15M,trial_79,3.0,256.0,0.0007954024696345556,1.0,64,Huber,ReLU,Adam,4.385009288787842,5.60565710067749,0.6250945329666138
ALSFRS_R_FIXED_3_15M,trial_22,3.0,256.0,7.06140720659208e-05,1.0,32,Huber,ReLU,Adam,4.435843467712402,5.580126762390137,0.5928402543067932
ALSFRS_R_FIXED_3_15M,trial_13,3.0,128.0,4.105110781250284e-05,1.0,32,Huber,ReLU,Adam,4.897657871246338,6.208584785461426,0.503282904624939
ALSFRS_R_FIXED_3_15M,trial_14,3.0,32.0,6.170917391095743e-05,1.0,32,Huber,ReLU,Adam,5.865117073059082,7.429191589355469,0.3058522045612335
ALSFRS_R_FIXED_3_15M,trial_47,3.0,256.0,6.859353628717042e-05,1.0,16,Huber,ReLU,Adam,4.3539018630981445,5.485997200012207,0.5560508966445923
ALSFRS_R_FIXED_3_15M,trial_78,3.0,256.0,0.0005956865143795608,1.0,16,Huber,ReLU,Adam,4.480227947235107,5.60853385925293,0.538605809211731
ALSFRS_R_FIXED_3_15M,trial_71,3.0,256.0,0.00037966646795226984,1.0,16,Huber,ReLU,Adam,4.360809803009033,5.442692756652832,0.5655038952827454
ALSFRS_R_FIXED_3_15M,trial_85,3.0,256.0,0.0007815602834346344,1.0,64,Huber,ReLU,Adam,4.433607578277588,5.659771919250488,0.6198179721832275
ALSFRS_R_FIXED_3_15M,trial_3,2.0,128.0,3.544267049072058e-05,1.0,32,Huber,ReLU,Adam,5.063821792602539,6.315392971038818,0.48924192786216736
ALSFRS_R_FIXED_3_15M,trial_82,3.0,256.0,0.0009087157710011151,1.0,64,Huber,ReLU,Adam,4.424886226654053,5.545837879180908,0.6343032717704773
ALSFRS_R_FIXED_3_15M,trial_76,3.0,128.0,0.0003701663805513891,1.0,16,Huber,ReLU,Adam,4.400673866271973,5.59826135635376,0.5382524132728577
ALSFRS_R_FIXED_3_15M,trial_4,1.0,64.0,0.0006386924861555645,0.0,128,Huber,sigmoid,Adam,10.338040351867676,11.95373249053955,-0.6942192316055298
ALSFRS_R_FIXED_3_15M,trial_61,3.0,256.0,0.0005387613045208839,1.0,16,Huber,ReLU,Adam,4.584378242492676,5.730564117431641,0.5258601903915405
ALSFRS_R_FIXED_3_15M,trial_59,3.0,256.0,0.00033100104025855174,1.0,16,Huber,ReLU,Adam,4.283071517944336,5.37034273147583,0.5748814344406128
ALSFRS_R_FIXED_3_15M,trial_66,3.0,512.0,0.00044858282460155733,1.0,16,Huber,ReLU,Adam,4.241054058074951,5.344714641571045,0.5889939069747925
ALSFRS_R_FIXED_3_15M,trial_92,3.0,256.0,0.0008512708203153017,1.0,64,Huber,ReLU,Adam,4.253366470336914,5.53877592086792,0.635358452796936
ALSFRS_R_FIXED_3_15M,trial_34,3.0,256.0,2.9427442527532943e-05,1.0,32,Huber,ReLU,Adam,4.526857852935791,5.633014678955078,0.5896335244178772
ALSFRS_R_FIXED_3_15M,trial_58,3.0,256.0,0.0002039079186008763,1.0,16,Huber,ReLU,Adam,4.464359283447266,5.551602363586426,0.5521283149719238
ALSFRS_R_FIXED_3_15M,trial_60,3.0,256.0,0.000330340318299158,1.0,16,Huber,ReLU,Adam,4.395929336547852,5.551522254943848,0.5551014542579651
ALSFRS_R_FIXED_3_15M,trial_69,2.0,512.0,0.000976629596415985,0.0,16,Huber,ReLU,Adam,4.257205486297607,5.253903865814209,0.5958925485610962
ALSFRS_R_FIXED_3_15M,trial_51,3.0,256.0,7.174349949752892e-05,1.0,16,Huber,ReLU,Adam,4.520967483520508,5.552529335021973,0.5496616959571838
ALSFRS_R_FIXED_3_15M,trial_73,3.0,256.0,0.0007712201234493375,1.0,16,Huber,ReLU,Adam,4.494575023651123,5.512087821960449,0.5653126239776611
ALSFRS_R_FIXED_3_15M,trial_1,1.0,256.0,0.00056983876907751,1.0,32,MSE,ReLU,Adam,4.633050441741943,5.869600772857666,0.5440197587013245
ALSFRS_R_FIXED_3_15M,trial_74,3.0,256.0,0.0005048555156327845,1.0,16,Huber,ReLU,Adam,4.501864433288574,5.576249122619629,0.5375449061393738
ALSFRS_R_FIXED_3_15M,trial_89,3.0,256.0,0.0007079124061877683,1.0,64,Huber,ReLU,Adam,4.366349697113037,5.560672760009766,0.6325821876525879
ALSFRS_R_FIXED_3_15M,trial_11,2.0,128.0,1.0055929955063057e-05,1.0,16,Huber,ReLU,Adam,6.949233055114746,8.748517990112305,-0.13840420544147491
ALSFRS_R_FIXED_3_15M,trial_16,3.0,256.0,2.2310074166541172e-05,1.0,32,Huber,ReLU,Adam,4.58253288269043,5.76216983795166,0.5692421197891235
ALSFRS_R_FIXED_3_15M,trial_20,3.0,256.0,8.418273354211547e-05,1.0,32,Huber,ReLU,Adam,4.263354301452637,5.461615085601807,0.6041666865348816
ALSFRS_R_FIXED_3_15M,trial_27,2.0,256.0,0.00011182262044966013,1.0,64,Huber,ReLU,Adam,4.773766040802002,6.033286094665527,0.5645185112953186
ALSFRS_R_FIXED_3_15M,trial_9,2.0,64.0,5.2700634126871476e-05,0.0,64,MAE,tanh,Adam,25.982315063476562,27.469762802124023,-7.996414661407471
ALSFRS_R_FIXED_3_15M,trial_81,3.0,256.0,0.0008505829981358615,1.0,64,Huber,ReLU,Adam,4.574713706970215,5.794583320617676,0.6010302305221558
ALSFRS_R_FIXED_3_15M,trial_75,3.0,512.0,0.00047351441883981653,1.0,16,Huber,ReLU,Adam,4.574666976928711,5.607801914215088,0.5351361036300659
ALSFRS_R_FIXED_3_15M,trial_72,3.0,256.0,0.000374186916829307,1.0,16,Huber,ReLU,Adam,4.4377241134643555,5.524275779724121,0.5569647550582886
ALSFRS_R_FIXED_3_15M,trial_0,1.0,128.0,0.0005116125379444871,0.0,32,MSE,sigmoid,Adam,3.924086809158325,4.986764430999756,0.6797590255737305
ALSFRS_R_FIXED_3_15M,trial_26,3.0,256.0,0.000362193997350166,1.0,32,Huber,ReLU,Adam,4.568350791931152,5.740046977996826,0.5692157745361328
ALSFRS_R_FIXED_3_15M,trial_21,3.0,256.0,8.416549274818038e-05,1.0,32,Huber,ReLU,Adam,4.494182586669922,5.63122034072876,0.5821478366851807
ALSFRS_R_FIXED_3_15M,trial_10,2.0,128.0,1.0498736081148596e-05,1.0,16,Huber,ReLU,Adam,7.121292591094971,8.89045524597168,-0.17804460227489471
ALSFRS_R_FIXED_12_18M,trial_98,1.0,512.0,0.0009197932109702339,0.0,16,Huber,sigmoid,Adam,3.304009199142456,4.090941905975342,0.8091169595718384
ALSFRS_R_FIXED_12_18M,trial_53,1.0,512.0,0.0005630901410735605,0.0,16,MAE,sigmoid,Adam,3.1817188262939453,3.874424457550049,0.8267908096313477
ALSFRS_R_FIXED_12_18M,trial_91,1.0,512.0,0.000696114337762562,0.0,16,Huber,sigmoid,Adam,3.2322545051574707,3.8859264850616455,0.8290442228317261
ALSFRS_R_FIXED_12_18M,trial_96,1.0,512.0,0.0009224402922939863,0.0,16,Huber,sigmoid,Adam,3.233543634414673,3.8609347343444824,0.834282636642456
ALSFRS_R_FIXED_12_18M,trial_62,1.0,512.0,0.000622564777945436,1.0,16,MAE,sigmoid,Adam,3.307363271713257,4.0335493087768555,0.8139510750770569
ALSFRS_R_FIXED_12_18M,trial_31,1.0,512.0,0.00044470769414703534,0.0,16,MAE,sigmoid,Adam,3.202601671218872,3.943356513977051,0.8238697648048401
ALSFRS_R_FIXED_12_18M,trial_63,1.0,512.0,0.0007543093554205129,1.0,16,MAE,sigmoid,Adam,3.294421672821045,4.033130645751953,0.8147165775299072
ALSFRS_R_FIXED_12_18M,trial_97,1.0,512.0,0.0009936482652534533,0.0,16,Huber,sigmoid,Adam,3.19610333442688,3.8640236854553223,0.8343430757522583
ALSFRS_R_FIXED_12_18M,trial_64,1.0,512.0,0.000990385199539719,1.0,16,MAE,sigmoid,Adam,3.4248106479644775,4.174259662628174,0.8068680167198181
ALSFRS_R_FIXED_12_18M,trial_52,1.0,512.0,0.000553630322309805,0.0,16,MAE,sigmoid,Adam,3.269726514816284,3.8978259563446045,0.827134907245636
ALSFRS_R_FIXED_12_18M,trial_55,1.0,512.0,0.0007148648782760672,1.0,16,MAE,sigmoid,Adam,3.237243175506592,3.8740792274475098,0.8315589427947998
ALSFRS_R_FIXED_12_18M,trial_37,3.0,512.0,0.0007292023924644791,0.0,16,MAE,ReLU,Adam,4.706986904144287,6.735176086425781,0.4509863257408142
ALSFRS_R_FIXED_12_18M,trial_15,1.0,512.0,0.0004957044078897265,0.0,16,MAE,sigmoid,Adam,3.3124301433563232,4.00555944442749,0.818147599697113
ALSFRS_R_FIXED_12_18M,trial_12,3.0,512.0,0.0002566073406349051,0.0,16,Huber,sigmoid,Adam,3.57342267036438,4.3365797996521,0.7988438606262207
ALSFRS_R_FIXED_12_18M,trial_23,1.0,512.0,0.0005624901562353784,0.0,16,MAE,sigmoid,Adam,3.1487293243408203,3.8551859855651855,0.8328003883361816
ALSFRS_R_FIXED_12_18M,trial_2,1.0,512.0,5.6592134906750386e-05,1.0,32,MAE,tanh,Adam,15.44373607635498,19.187213897705078,-2.79938006401062
ALSFRS_R_FIXED_12_18M,trial_3,3.0,64.0,0.0008201024008577576,0.0,16,MAE,ReLU,Adam,5.41849946975708,7.637723445892334,0.3673211336135864
ALSFRS_R_FIXED_12_18M,trial_82,1.0,512.0,0.0007316814530252273,0.0,16,MAE,sigmoid,Adam,3.2357635498046875,3.9498391151428223,0.8245370984077454
ALSFRS_R_FIXED_12_18M,trial_4,3.0,512.0,0.00018245067113357248,0.0,128,Huber,ReLU,Adam,5.68060302734375,7.944267272949219,0.38001441955566406
ALSFRS_R_FIXED_12_18M,trial_95,1.0,512.0,0.0009170708825019835,0.0,16,Huber,sigmoid,Adam,3.3445682525634766,4.1110968589782715,0.810073971748352
ALSFRS_R_FIXED_12_18M,trial_61,1.0,512.0,0.000704919820717059,1.0,16,MAE,sigmoid,Adam,3.3415989875793457,4.1318745613098145,0.8062320947647095
ALSFRS_R_FIXED_12_18M,trial_59,2.0,512.0,0.0008135262334062745,0.0,16,MAE,ReLU,Adam,6.256716251373291,7.7810468673706055,0.312502384185791
ALSFRS_R_FIXED_12_18M,trial_92,1.0,512.0,0.0007181722226371833,0.0,16,Huber,sigmoid,Adam,3.3721115589141846,4.130245208740234,0.8093223571777344
ALSFRS_R_FIXED_12_18M,trial_33,1.0,512.0,0.0006303011224768827,0.0,16,MAE,sigmoid,Adam,3.197779893875122,3.922085762023926,0.8262818455696106
ALSFRS_R_FIXED_12_18M,trial_93,1.0,512.0,0.0008906848389136371,0.0,16,Huber,sigmoid,Adam,3.4246225357055664,4.227213382720947,0.801874577999115
ALSFRS_R_FIXED_12_18M,trial_94,1.0,512.0,0.0009267310361248549,0.0,16,Huber,sigmoid,Adam,3.3757762908935547,4.216855049133301,0.8013555407524109
ALSFRS_R_FIXED_12_18M,trial_87,1.0,512.0,0.0006934145141464203,0.0,16,Huber,sigmoid,Adam,3.203214645385742,3.8565926551818848,0.8302907347679138
ALSFRS_R_FIXED_12_18M,trial_1,1.0,128.0,8.857366629161567e-05,1.0,16,MSE,sigmoid,Adam,10.927656173706055,11.925553321838379,-0.5533968210220337
ALSFRS_R_FIXED_12_18M,trial_8,1.0,64.0,0.000898338587319246,1.0,32,Huber,sigmoid,Adam,4.378305912017822,5.31121826171875,0.6941978335380554
ALSFRS_R_FIXED_12_18M,trial_18,1.0,512.0,0.00046643821195182757,0.0,16,MAE,sigmoid,Adam,3.3199424743652344,4.020556926727295,0.8179654479026794
ALSFRS_R_FIXED_12_18M,trial_44,1.0,512.0,0.0008586258068793286,0.0,16,MAE,sigmoid,Adam,3.187819480895996,3.922912836074829,0.8282840847969055
ALSFRS_R_FIXED_12_18M,trial_43,1.0,512.0,0.0008249055351539197,0.0,16,MAE,sigmoid,Adam,3.2128145694732666,3.8627612590789795,0.8317700624465942
ALSFRS_R_FIXED_12_18M,trial_0,2.0,512.0,1.7051968902897848e-05,0.0,16,MAE,ReLU,Adam,5.412539005279541,7.168112277984619,0.42607152462005615
ALSFRS_R_FIXED_12_18M,trial_19,1.0,512.0,0.000430322583554197,0.0,16,MAE,sigmoid,Adam,3.3020853996276855,4.08804988861084,0.8136368989944458
ALSFRS_R_FIXED_12_18M,trial_21,1.0,512.0,0.00046015964155532235,0.0,16,MAE,sigmoid,Adam,3.260756015777588,3.8574178218841553,0.8325329422950745
ALSFRS_R_FIXED_3_9M,trial_91,3.0,512.0,0.0008950556724814544,0.0,32,Huber,sigmoid,Adam,2.832274913787842,3.8091742992401123,0.8172006607055664
ALSFRS_R_FIXED_3_9M,trial_96,1.0,512.0,0.0008276834234127923,0.0,32,Huber,sigmoid,Adam,2.5913026332855225,3.559812545776367,0.8378363847732544
ALSFRS_R_FIXED_3_9M,trial_62,3.0,512.0,0.000612621842784467,0.0,128,Huber,sigmoid,Adam,2.845078945159912,3.854245901107788,0.8252571821212769
ALSFRS_R_FIXED_3_9M,trial_31,3.0,128.0,0.000728066744998696,0.0,64,Huber,tanh,Adam,3.080984115600586,4.285743236541748,0.7642403841018677
ALSFRS_R_FIXED_3_9M,trial_38,2.0,128.0,0.0005948911499575296,0.0,16,MAE,sigmoid,Adam,2.7884013652801514,3.6872570514678955,0.8053208589553833
ALSFRS_R_FIXED_3_9M,trial_63,3.0,512.0,0.0006181410743797971,0.0,128,Huber,sigmoid,Adam,2.8470816612243652,3.818765878677368,0.8282004594802856
ALSFRS_R_FIXED_3_9M,trial_97,1.0,512.0,0.0008079214636155081,0.0,32,Huber,sigmoid,Adam,2.586859703063965,3.5576860904693604,0.8400012254714966
ALSFRS_R_FIXED_3_9M,trial_90,3.0,512.0,0.0007723943460583276,1.0,32,Huber,sigmoid,Adam,2.974093198776245,3.8514740467071533,0.8163148164749146
ALSFRS_R_FIXED_3_9M,trial_64,3.0,512.0,0.0006134014498978619,0.0,128,Huber,sigmoid,Adam,2.8910374641418457,3.8483574390411377,0.8252298831939697
ALSFRS_R_FIXED_3_9M,trial_99,1.0,512.0,0.0007253715944761781,0.0,32,Huber,sigmoid,Adam,2.5698535442352295,3.562246084213257,0.8386579751968384
ALSFRS_R_FIXED_3_9M,trial_52,3.0,128.0,0.0006650793650937375,0.0,64,Huber,tanh,Adam,2.8433785438537598,3.880204677581787,0.8152862191200256
ALSFRS_R_FIXED_3_9M,trial_15,3.0,128.0,0.0009183874010825224,0.0,64,Huber,tanh,Adam,2.9305193424224854,4.166840553283691,0.7753671407699585
ALSFRS_R_FIXED_3_9M,trial_24,2.0,128.0,0.00031993395473134834,0.0,64,Huber,tanh,Adam,3.261613368988037,4.4261345863342285,0.7632441520690918
ALSFRS_R_FIXED_3_9M,trial_23,3.0,512.0,0.0009589172096997326,0.0,64,Huber,tanh,Adam,2.764451742172241,3.8028573989868164,0.8248576521873474
ALSFRS_R_FIXED_3_9M,trial_77,3.0,512.0,0.000755907171914946,0.0,128,Huber,sigmoid,Adam,2.8227672576904297,3.8007216453552246,0.8300737738609314
ALSFRS_R_FIXED_3_9M,trial_83,3.0,512.0,0.0009110879698430805,0.0,128,Huber,sigmoid,Adam,2.934042453765869,3.9662997722625732,0.8146380186080933
ALSFRS_R_FIXED_3_9M,trial_84,3.0,512.0,0.0009208854928455487,0.0,128,Huber,sigmoid,Adam,2.8679308891296387,3.8880906105041504,0.8221844434738159
ALSFRS_R_FIXED_3_9M,trial_2,1.0,32.0,7.485671505931814e-05,0.0,32,MAE,tanh,Adam,9.8443021774292,13.189491271972656,-1.1425378322601318
ALSFRS_R_FIXED_3_9M,trial_46,3.0,128.0,0.0008267971878184133,0.0,64,Huber,sigmoid,Adam,2.925624132156372,3.803938388824463,0.8261820077896118
ALSFRS_R_FIXED_3_9M,trial_41,3.0,128.0,0.00041787569896688443,0.0,64,Huber,tanh,Adam,2.9666519165039062,3.967102527618408,0.8118192553520203
ALSFRS_R_FIXED_3_9M,trial_25,3.0,128.0,0.0006003305943813841,0.0,64,Huber,ReLU,Adam,3.3950977325439453,4.3361897468566895,0.7762595415115356
ALSFRS_R_FIXED_3_9M,trial_13,3.0,32.0,0.0005540532377029465,0.0,32,Huber,tanh,Adam,3.196916103363037,4.6805219650268555,0.7086470127105713
ALSFRS_R_FIXED_3_9M,trial_14,3.0,128.0,0.0007604220744825001,0.0,64,Huber,tanh,Adam,2.9031341075897217,4.018278121948242,0.8050183057785034
ALSFRS_R_FIXED_3_9M,trial_47,3.0,128.0,0.0004871700906144394,0.0,16,Huber,tanh,Adam,2.787198781967163,3.7302958965301514,0.7923620343208313
ALSFRS_R_FIXED_3_9M,trial_71,3.0,512.0,0.0006388856072784966,0.0,128,Huber,sigmoid,Adam,2.8668174743652344,3.9346923828125,0.8178151845932007
ALSFRS_R_FIXED_3_9M,trial_3,2.0,256.0,0.0009682658498969098,1.0,128,MSE,ReLU,Adam,3.2291340827941895,4.261209011077881,0.7855252623558044
ALSFRS_R_FIXED_3_9M,trial_76,3.0,512.0,0.0007132883677558415,0.0,128,Huber,sigmoid,Adam,2.8328726291656494,3.8245913982391357,0.8275821805000305
ALSFRS_R_FIXED_3_9M,trial_4,3.0,128.0,0.00042158641781548897,0.0,128,MSE,sigmoid,Adam,3.310380697250366,4.299441337585449,0.7818461060523987
ALSFRS_R_FIXED_3_9M,trial_32,3.0,128.0,0.0009932384828155159,0.0,64,Huber,tanh,Adam,2.89630389213562,3.830981492996216,0.8227582573890686
ALSFRS_R_FIXED_3_9M,trial_50,3.0,128.0,0.0008659608162775402,0.0,64,MAE,tanh,Adam,2.8368165493011475,3.9701151847839355,0.7981000542640686
ALSFRS_R_FIXED_3_9M,trial_57,3.0,512.0,0.0006335346269038956,0.0,128,Huber,sigmoid,Adam,2.792823076248169,3.770719051361084,0.8321484327316284
ALSFRS_R_FIXED_3_9M,trial_61,3.0,512.0,0.0006257101303160288,0.0,128,Huber,sigmoid,Adam,2.7979736328125,3.8455162048339844,0.8259952664375305
ALSFRS_R_FIXED_3_9M,trial_92,3.0,512.0,0.0007444833345380014,0.0,32,Huber,sigmoid,Adam,2.9328548908233643,3.86590576171875,0.8145431280136108
ALSFRS_R_FIXED_3_9M,trial_33,3.0,128.0,0.0007048671772302667,0.0,16,Huber,tanh,Adam,2.8074095249176025,3.736362934112549,0.7997310757637024
ALSFRS_R_FIXED_3_9M,trial_93,3.0,512.0,0.0009042513023051486,0.0,32,Huber,sigmoid,Adam,2.8427650928497314,3.7780747413635254,0.8207060098648071
ALSFRS_R_FIXED_3_9M,trial_94,3.0,512.0,0.0009074199337825169,0.0,32,Huber,sigmoid,Adam,2.7619400024414062,3.6760833263397217,0.8293553590774536
ALSFRS_R_FIXED_3_9M,trial_56,3.0,128.0,0.0006317004310394928,0.0,64,Huber,tanh,Adam,2.9927303791046143,4.225024223327637,0.7489999532699585
ALSFRS_R_FIXED_3_9M,trial_51,3.0,128.0,0.0006847682113613237,0.0,64,Huber,tanh,Adam,2.9476304054260254,3.9352667331695557,0.813102126121521
ALSFRS_R_FIXED_3_9M,trial_1,2.0,256.0,7.393375054781083e-05,1.0,16,MSE,sigmoid,Adam,2.7609031200408936,3.6172168254852295,0.8141501545906067
ALSFRS_R_FIXED_3_9M,trial_6,1.0,64.0,0.0002621570607149294,0.0,32,MAE,sigmoid,Adam,2.788604497909546,3.8162646293640137,0.815256655216217
ALSFRS_R_FIXED_3_9M,trial_42,3.0,128.0,0.00046158754841585023,0.0,64,Huber,tanh,Adam,2.979325294494629,4.1047139167785645,0.7809451818466187
ALSFRS_R_FIXED_3_9M,trial_89,3.0,512.0,0.0008977192351691305,0.0,32,Huber,sigmoid,Adam,2.813495397567749,3.6779980659484863,0.8313824534416199
ALSFRS_R_FIXED_3_9M,trial_8,3.0,32.0,0.0002522178835177755,0.0,32,MAE,sigmoid,Adam,3.009676456451416,3.9354844093322754,0.8071773648262024
ALSFRS_R_FIXED_3_9M,trial_11,3.0,32.0,0.00020268815985263248,0.0,32,Huber,tanh,Adam,3.449575901031494,4.572583198547363,0.7412866950035095
ALSFRS_R_FIXED_3_9M,trial_29,2.0,64.0,0.00034096130951899873,1.0,16,MAE,ReLU,Adam,3.211348533630371,4.185757637023926,0.7452647686004639
ALSFRS_R_FIXED_3_9M,trial_16,3.0,128.0,0.0009427345847904404,0.0,64,Huber,tanh,Adam,2.9684038162231445,4.0438408851623535,0.8032047152519226
ALSFRS_R_FIXED_3_9M,trial_20,3.0,512.0,0.00011122676106818612,0.0,64,Huber,tanh,Adam,2.9928269386291504,4.084611415863037,0.7970899343490601
ALSFRS_R_FIXED_3_9M,trial_18,2.0,128.0,0.0007009977142474235,1.0,64,Huber,tanh,Adam,3.1588973999023438,4.4269280433654785,0.7600400447845459
ALSFRS_R_FIXED_3_9M,trial_44,3.0,128.0,0.0009920476340126256,0.0,64,MAE,tanh,Adam,2.8108088970184326,3.778792142868042,0.8264765739440918
ALSFRS_R_FIXED_3_9M,trial_9,2.0,512.0,2.160606854273335e-05,0.0,64,MAE,ReLU,Adam,3.1128995418548584,4.044655799865723,0.8043104410171509
ALSFRS_R_FIXED_3_9M,trial_43,3.0,128.0,0.0008667103332264426,0.0,64,Huber,tanh,Adam,3.0127525329589844,4.238397598266602,0.7538005113601685
ALSFRS_R_FIXED_3_9M,trial_81,3.0,512.0,0.0006861645232455106,0.0,128,Huber,sigmoid,Adam,2.9044690132141113,3.98699951171875,0.8130079507827759
ALSFRS_R_FIXED_3_9M,trial_75,3.0,512.0,0.0007196700611575717,0.0,128,Huber,sigmoid,Adam,2.889094352722168,3.9595606327056885,0.8155729174613953
ALSFRS_R_FIXED_3_9M,trial_86,3.0,512.0,0.0008991200613642192,0.0,32,Huber,sigmoid,Adam,2.7780492305755615,3.6407196521759033,0.8341543078422546
ALSFRS_R_FIXED_3_9M,trial_0,2.0,64.0,1.1480125033525934e-05,1.0,16,MSE,ReLU,Adam,5.142331600189209,6.651991367340088,0.32258340716362
ALSFRS_R_FIXED_3_9M,trial_19,3.0,128.0,0.0004064681500249708,0.0,64,Huber,tanh,Adam,3.153872013092041,4.401264190673828,0.7530397772789001
ALSFRS_R_FIXED_3_9M,trial_21,3.0,512.0,0.00010709493009908044,0.0,64,Huber,tanh,Adam,4.326425552368164,9.303875923156738,-0.14751236140727997
ALSFRS_R_FIXED_3_9M,trial_17,1.0,128.0,0.00046233684374363874,0.0,64,Huber,tanh,Adam,3.712118625640869,4.917384147644043,0.7119807600975037
ALSFRS_R_FIXED_3_9M,trial_10,3.0,32.0,0.00019607697137991964,0.0,32,Huber,tanh,Adam,3.5245044231414795,4.853353500366211,0.7092301845550537
ALSFRS_R_FIXED_0_15M,trial_53,2.0,256.0,0.0009588035344229012,1.0,32,MAE,ReLU,Adam,4.705441474914551,5.974668025970459,0.553549587726593
ALSFRS_R_FIXED_0_15M,trial_65,2.0,256.0,0.0005814038806665537,1.0,32,Huber,ReLU,Adam,4.658562660217285,5.797027111053467,0.5766835808753967
ALSFRS_R_FIXED_0_15M,trial_91,2.0,512.0,0.00037135033010219,0.0,32,Huber,ReLU,Adam,4.410670757293701,5.674960136413574,0.5922643542289734
ALSFRS_R_FIXED_0_15M,trial_62,2.0,256.0,0.0006092070637431612,1.0,32,Huber,ReLU,Adam,4.519035816192627,5.63599157333374,0.5965183973312378
ALSFRS_R_FIXED_0_15M,trial_63,2.0,256.0,0.0004603732436168873,1.0,32,Huber,ReLU,Adam,4.718570709228516,5.824281215667725,0.5722331404685974
ALSFRS_R_FIXED_0_15M,trial_97,2.0,512.0,0.00032236375345311705,0.0,32,Huber,ReLU,Adam,4.197951793670654,5.323917865753174,0.6443081498146057
ALSFRS_R_FIXED_0_15M,trial_52,2.0,256.0,0.0009567281323277602,1.0,32,MAE,ReLU,Adam,4.542475700378418,5.743003845214844,0.5878732800483704
ALSFRS_R_FIXED_0_15M,trial_55,2.0,256.0,0.0008246623901578976,1.0,32,MAE,ReLU,Adam,4.871872425079346,6.121183395385742,0.5199609398841858
ALSFRS_R_FIXED_0_15M,trial_15,3.0,256.0,0.0002334550274377805,1.0,32,MAE,ReLU,Adam,4.843396186828613,6.086435317993164,0.5343058109283447
ALSFRS_R_FIXED_0_15M,trial_12,2.0,256.0,0.00010110768448534513,1.0,32,MAE,ReLU,Adam,4.929762840270996,6.191084861755371,0.5156624913215637
ALSFRS_R_FIXED_0_15M,trial_24,2.0,256.0,0.0006759722918116346,1.0,32,MAE,ReLU,Adam,4.338135719299316,5.423981189727783,0.6284991502761841
ALSFRS_R_FIXED_0_15M,trial_23,2.0,256.0,0.0003250650527626285,1.0,32,MAE,ReLU,Adam,4.623840808868408,5.792006969451904,0.5789844989776611
ALSFRS_R_FIXED_0_15M,trial_77,2.0,512.0,0.000337546845442354,1.0,16,Huber,ReLU,Adam,4.172210216522217,5.206442356109619,0.6057102680206299
ALSFRS_R_FIXED_0_15M,trial_5,1.0,512.0,0.00019526149588565848,0.0,16,Huber,tanh,Adam,22.887176513671875,23.79741096496582,-7.3153395652771
ALSFRS_R_FIXED_0_15M,trial_84,2.0,512.0,0.0002628900693952483,0.0,32,Huber,ReLU,Adam,4.24484920501709,5.332545757293701,0.6411538124084473
ALSFRS_R_FIXED_0_15M,trial_2,2.0,512.0,1.6731279542116424e-05,1.0,128,MSE,sigmoid,Adam,22.14089584350586,23.640317916870117,-5.626269340515137
ALSFRS_R_FIXED_0_15M,trial_79,2.0,512.0,0.00029318564573960513,0.0,32,Huber,ReLU,Adam,4.346423149108887,5.48927640914917,0.6172857284545898
ALSFRS_R_FIXED_0_15M,trial_41,2.0,256.0,0.0006925256263549537,1.0,32,MAE,ReLU,Adam,4.483187675476074,5.654335021972656,0.5965288281440735
ALSFRS_R_FIXED_0_15M,trial_22,2.0,256.0,0.00030492978885902797,1.0,32,MAE,ReLU,Adam,4.712584495544434,5.915179252624512,0.5614323616027832
ALSFRS_R_FIXED_0_15M,trial_13,2.0,256.0,0.00010171944855671054,1.0,32,MAE,ReLU,Adam,4.839663505554199,6.109123706817627,0.5292024612426758
ALSFRS_R_FIXED_0_15M,trial_71,2.0,512.0,0.0004641706583251476,1.0,32,Huber,ReLU,Adam,4.387885093688965,5.424977779388428,0.6280888319015503
ALSFRS_R_FIXED_0_15M,trial_85,2.0,512.0,0.00027260586925812645,0.0,32,Huber,ReLU,Adam,4.08246374130249,5.189681053161621,0.6577784419059753
ALSFRS_R_FIXED_0_15M,trial_3,2.0,256.0,0.00020878975168029773,1.0,16,MAE,ReLU,Adam,4.704683303833008,6.009578704833984,0.4833507239818573
ALSFRS_R_FIXED_0_15M,trial_82,2.0,512.0,0.0003640948835331513,0.0,32,Huber,ReLU,Adam,4.218088150024414,5.416289806365967,0.6344768404960632
ALSFRS_R_FIXED_0_15M,trial_76,2.0,512.0,0.000340138374952057,1.0,32,Huber,ReLU,Adam,4.403615474700928,5.591156482696533,0.6077761054039001
ALSFRS_R_FIXED_0_15M,trial_4,3.0,64.0,3.007281672719108e-05,0.0,16,MSE,tanh,Adam,23.805891036987305,24.627344131469727,-7.897489070892334
ALSFRS_R_FIXED_0_15M,trial_68,2.0,256.0,0.0006155825680567651,1.0,32,Huber,ReLU,Adam,4.607401371002197,5.841268062591553,0.5699241757392883
ALSFRS_R_FIXED_0_15M,trial_57,2.0,256.0,0.000494105990342406,1.0,32,Huber,ReLU,Adam,4.467654228210449,5.572131633758545,0.608806848526001
ALSFRS_R_FIXED_0_15M,trial_61,2.0,256.0,0.0006010304870192786,1.0,32,Huber,ReLU,Adam,4.7156901359558105,5.904908657073975,0.567068874835968
ALSFRS_R_FIXED_0_15M,trial_92,2.0,512.0,0.0002568186392785463,0.0,32,Huber,ReLU,Adam,4.455324172973633,5.593945503234863,0.6041480302810669
ALSFRS_R_FIXED_0_15M,trial_33,2.0,256.0,0.000260313418554564,1.0,32,MAE,ReLU,Adam,4.753864288330078,5.949118614196777,0.5543919205665588
ALSFRS_R_FIXED_0_15M,trial_93,2.0,512.0,0.00025757273504172645,0.0,32,Huber,ReLU,Adam,4.197431564331055,5.264742851257324,0.6501538157463074
ALSFRS_R_FIXED_0_15M,trial_67,2.0,256.0,0.0006370874321625523,1.0,32,Huber,ReLU,Adam,4.448137283325195,5.686169147491455,0.5911723971366882
ALSFRS_R_FIXED_0_15M,trial_60,2.0,256.0,0.0006022685838232208,1.0,32,Huber,ReLU,Adam,4.415249824523926,5.471203804016113,0.6216367483139038
ALSFRS_R_FIXED_0_15M,trial_69,2.0,512.0,0.0004640267793914184,1.0,32,Huber,ReLU,Adam,4.187223434448242,5.240484714508057,0.6533029675483704
ALSFRS_R_FIXED_0_15M,trial_56,2.0,128.0,0.0009971490888273143,1.0,32,MAE,ReLU,Adam,4.665937900543213,5.828697681427002,0.5701695680618286
ALSFRS_R_FIXED_0_15M,trial_51,2.0,256.0,0.0009802481294340368,1.0,32,MAE,ReLU,Adam,4.65036153793335,5.777030944824219,0.5869484543800354
ALSFRS_R_FIXED_0_15M,trial_87,2.0,512.0,0.00036257632411717915,0.0,32,Huber,ReLU,Adam,4.308703422546387,5.37917423248291,0.6326966285705566
ALSFRS_R_FIXED_0_15M,trial_73,2.0,512.0,0.00034617090318535265,1.0,32,Huber,ReLU,Adam,4.383265018463135,5.413287162780762,0.6257488131523132
ALSFRS_R_FIXED_0_15M,trial_1,3.0,64.0,1.1243075713903431e-05,0.0,16,Huber,sigmoid,Adam,22.245874404907227,23.84684944152832,-7.319775104522705
ALSFRS_R_FIXED_0_15M,trial_74,2.0,512.0,0.0003466711848603921,1.0,32,Huber,ReLU,Adam,4.4012770652771,5.42840576171875,0.628360390663147
ALSFRS_R_FIXED_0_15M,trial_6,1.0,128.0,2.73227754626206e-05,0.0,128,Huber,tanh,Adam,26.089637756347656,27.57137107849121,-8.013203620910645
ALSFRS_R_FIXED_0_15M,trial_42,2.0,256.0,0.00048026134439005077,1.0,32,MAE,ReLU,Adam,4.441658020019531,5.54536247253418,0.6135877370834351
ALSFRS_R_FIXED_0_15M,trial_11,2.0,256.0,0.00012563956733034477,1.0,32,MAE,ReLU,Adam,4.700411319732666,5.925371170043945,0.5577476024627686
ALSFRS_R_FIXED_0_15M,trial_16,2.0,256.0,0.0008529063315180323,1.0,32,MAE,ReLU,Adam,4.469894886016846,5.692784786224365,0.5892019867897034
ALSFRS_R_FIXED_0_15M,trial_43,2.0,256.0,0.0005037865693515099,1.0,32,MAE,ReLU,Adam,4.461251735687256,5.634392261505127,0.603938639163971
ALSFRS_R_FIXED_0_15M,trial_81,2.0,512.0,0.00035757085046489825,0.0,32,Huber,ReLU,Adam,4.268100261688232,5.362695217132568,0.6348548531532288
ALSFRS_R_FIXED_0_15M,trial_75,2.0,512.0,0.00034816811027263054,1.0,32,Huber,ReLU,Adam,4.42075777053833,5.59182071685791,0.6083347797393799
ALSFRS_R_FIXED_0_15M,trial_7,1.0,512.0,3.87784094055564e-05,0.0,32,MAE,tanh,Adam,25.7980899810791,26.913055419921875,-8.1292142868042
ALSFRS_R_FIXED_0_15M,trial_72,2.0,512.0,0.00040877461553036137,1.0,32,Huber,ReLU,Adam,4.199579238891602,5.251792907714844,0.6521345973014832
ALSFRS_R_FIXED_0_15M,trial_0,3.0,128.0,0.0004655698040423479,1.0,64,MSE,ReLU,Adam,4.475691318511963,5.709059715270996,0.6113793849945068
ALSFRS_R_FIXED_0_15M,trial_26,3.0,256.0,0.00036595049824027015,1.0,32,MAE,ReLU,Adam,4.460784435272217,5.592881202697754,0.6062731146812439
ALSFRS_R_FIXED_0_15M,trial_21,2.0,256.0,0.00015479965922515464,1.0,32,MAE,ReLU,Adam,4.703250408172607,5.974358081817627,0.5507946014404297
ALSFRS_R_FIXED_0_15M,trial_17,3.0,256.0,0.0008933005069770234,1.0,32,MAE,ReLU,Adam,4.7937235832214355,5.934208869934082,0.5614666938781738
ALSFRS_R_FIXED_0_15M,trial_10,2.0,256.0,0.00017761495090430274,1.0,32,MAE,ReLU,Adam,4.7494893074035645,5.931447505950928,0.5559350252151489
ALSFRS_R_FIXED_6_15M,trial_91,3.0,512.0,0.0006811352100111563,0.0,128,Huber,ReLU,Adam,3.9710805416107178,4.907509803771973,0.7633529901504517
ALSFRS_R_FIXED_6_15M,trial_62,3.0,512.0,0.0005369938284717835,0.0,128,Huber,ReLU,Adam,3.890268087387085,4.944032669067383,0.7598174810409546
ALSFRS_R_FIXED_6_15M,trial_63,3.0,512.0,0.0005260608502700185,0.0,128,Huber,ReLU,Adam,3.9418716430664062,5.017674922943115,0.752609133720398
ALSFRS_R_FIXED_6_15M,trial_64,3.0,512.0,0.00041599624322429977,0.0,128,Huber,ReLU,Adam,3.870476722717285,4.86887264251709,0.76706463098526
ALSFRS_R_FIXED_6_15M,trial_15,3.0,256.0,0.0006241721490268517,0.0,32,Huber,ReLU,Adam,3.9411070346832275,4.963310241699219,0.7118722200393677
ALSFRS_R_FIXED_6_15M,trial_12,3.0,512.0,0.00017710033425401942,0.0,32,MAE,ReLU,Adam,3.69235897064209,4.552045822143555,0.7528078556060791
ALSFRS_R_FIXED_6_15M,trial_24,2.0,256.0,0.0006705877373396592,1.0,128,Huber,ReLU,Adam,4.444681644439697,5.522591590881348,0.7003152370452881
ALSFRS_R_FIXED_6_15M,trial_83,3.0,512.0,0.0007724281489034642,0.0,128,Huber,ReLU,Adam,3.894012212753296,4.954350471496582,0.7588139772415161
ALSFRS_R_FIXED_6_15M,trial_84,3.0,512.0,0.0007229710199142822,0.0,128,Huber,ReLU,Adam,3.9543814659118652,4.96537446975708,0.7577394247055054
ALSFRS_R_FIXED_6_15M,trial_2,3.0,64.0,5.558796747553381e-05,0.0,32,MAE,sigmoid,Adam,18.304975509643555,20.488494873046875,-4.457828044891357
ALSFRS_R_FIXED_6_15M,trial_41,3.0,256.0,0.0006632904556775337,1.0,128,Huber,ReLU,Adam,4.414945602416992,5.42509651184082,0.7108031511306763
ALSFRS_R_FIXED_6_15M,trial_13,3.0,256.0,0.00012673715467506516,0.0,32,MAE,ReLU,Adam,4.07489538192749,5.19335412979126,0.681853711605072
ALSFRS_R_FIXED_6_15M,trial_14,3.0,256.0,0.0004405754567587229,0.0,32,MAE,ReLU,Adam,4.087612628936768,5.174025535583496,0.6885457634925842
ALSFRS_R_FIXED_6_15M,trial_78,3.0,512.0,0.0005549462602431116,0.0,128,Huber,ReLU,Adam,3.9693338871002197,4.999805927276611,0.7543679475784302
ALSFRS_R_FIXED_6_15M,trial_71,3.0,512.0,0.0008708967904203895,0.0,128,Huber,ReLU,Adam,4.092956066131592,5.176711082458496,0.7366783618927002
ALSFRS_R_FIXED_6_15M,trial_85,3.0,512.0,0.000753475222983675,0.0,128,Huber,ReLU,Adam,3.856020927429199,4.928833484649658,0.7612919211387634
ALSFRS_R_FIXED_6_15M,trial_3,1.0,128.0,3.923574250235509e-05,0.0,16,MSE,ReLU,Adam,6.039391040802002,7.609680652618408,0.2536250054836273
ALSFRS_R_FIXED_6_15M,trial_4,1.0,64.0,0.00011870142969753965,0.0,16,MAE,ReLU,Adam,6.392967700958252,7.934435844421387,0.20649990439414978
ALSFRS_R_FIXED_6_15M,trial_61,3.0,512.0,0.0005368537009317702,0.0,128,Huber,ReLU,Adam,3.829859495162964,4.789220809936523,0.7746236324310303
ALSFRS_R_FIXED_6_15M,trial_59,3.0,512.0,0.0008201514538888306,0.0,128,Huber,ReLU,Adam,3.9850668907165527,4.944838523864746,0.7597392201423645
ALSFRS_R_FIXED_6_15M,trial_66,3.0,512.0,0.0004365676324518689,0.0,128,Huber,ReLU,Adam,3.8061070442199707,4.7537841796875,0.7779464721679688
ALSFRS_R_FIXED_6_15M,trial_92,3.0,512.0,0.0007611987453967456,0.0,128,Huber,ReLU,Adam,4.011669635772705,4.959868907928467,0.7582763433456421
ALSFRS_R_FIXED_6_15M,trial_33,2.0,256.0,0.0007751536334111775,1.0,128,Huber,ReLU,Adam,4.3415632247924805,5.518675804138184,0.7007402181625366
ALSFRS_R_FIXED_6_15M,trial_93,3.0,512.0,0.0005921377435887083,0.0,128,Huber,ReLU,Adam,3.907550573348999,4.860198497772217,0.7678937911987305
ALSFRS_R_FIXED_6_15M,trial_60,3.0,512.0,0.0008287266354022356,0.0,64,MAE,ReLU,Adam,4.1357622146606445,5.113744735717773,0.7345028519630432
ALSFRS_R_FIXED_6_15M,trial_94,3.0,512.0,0.0007862645335116232,0.0,64,Huber,ReLU,Adam,4.384753227233887,5.3693156242370605,0.7072887420654297
ALSFRS_R_FIXED_6_15M,trial_73,3.0,512.0,0.0004641085127069615,0.0,16,Huber,ReLU,Adam,4.12587833404541,5.048501968383789,0.6645953059196472
ALSFRS_R_FIXED_6_15M,trial_1,2.0,512.0,4.177347951266808e-05,1.0,64,MAE,sigmoid,Adam,14.885412216186523,17.17206573486328,-1.9630941152572632
ALSFRS_R_FIXED_6_15M,trial_74,3.0,512.0,0.00038099407677635736,0.0,128,Huber,ReLU,Adam,3.8941943645477295,4.83599328994751,0.7701998949050903
ALSFRS_R_FIXED_6_15M,trial_42,3.0,256.0,0.0006696550173742428,1.0,128,Huber,ReLU,Adam,4.325824737548828,5.4603657722473145,0.7070306539535522
ALSFRS_R_FIXED_6_15M,trial_11,2.0,512.0,0.00017194579891918787,0.0,32,MAE,tanh,Adam,7.706568717956543,10.323335647583008,-0.20299264788627625
ALSFRS_R_FIXED_6_15M,trial_16,3.0,32.0,0.0008989729411942022,0.0,32,Huber,ReLU,Adam,4.563103675842285,5.782220840454102,0.5963153839111328
ALSFRS_R_FIXED_6_15M,trial_18,3.0,256.0,0.0005565201475979614,1.0,128,Huber,ReLU,Adam,4.303220748901367,5.396088600158691,0.7138874530792236
ALSFRS_R_FIXED_6_15M,trial_44,3.0,64.0,0.0005251437630842051,1.0,16,Huber,ReLU,Adam,4.868895053863525,5.929067134857178,0.5298219919204712
ALSFRS_R_FIXED_6_15M,trial_81,3.0,512.0,0.0005210601075765904,0.0,128,Huber,ReLU,Adam,3.8763530254364014,4.85001802444458,0.768865168094635
ALSFRS_R_FIXED_6_15M,trial_75,3.0,512.0,0.0003523544939886752,0.0,32,Huber,ReLU,Adam,4.104785919189453,5.054478645324707,0.7081589102745056
ALSFRS_R_FIXED_6_15M,trial_7,2.0,512.0,8.591982954204557e-05,0.0,64,MAE,tanh,Adam,8.408231735229492,11.72164249420166,-0.43985113501548767
ALSFRS_R_FIXED_6_15M,trial_72,3.0,512.0,0.00048778449475678784,0.0,32,Huber,ReLU,Adam,4.005075454711914,4.93951416015625,0.7090636491775513
ALSFRS_R_FIXED_6_15M,trial_0,2.0,256.0,0.00040755046705905307,0.0,64,MAE,tanh,Adam,7.82059907913208,11.323287963867188,-0.29978859424591064
ALSFRS_R_FIXED_6_15M,trial_21,3.0,256.0,0.0006344299155542263,1.0,128,Huber,ReLU,Adam,4.348751544952393,5.449063777923584,0.7082421779632568
ALSFRS_R_FIXED_6_15M,trial_17,3.0,256.0,0.0004886497227574736,0.0,128,Huber,ReLU,Adam,4.168570041656494,5.28419828414917,0.7256297469139099
ALSFRS_R_FIXED_6_9M,trial_54,1.0,512.0,0.00042592208602730845,1.0,32,Huber,sigmoid,Adam,2.3752241134643555,3.226863145828247,0.8655798435211182
ALSFRS_R_FIXED_6_9M,trial_98,1.0,512.0,0.0006700177157305767,0.0,32,Huber,sigmoid,Adam,2.413102865219116,3.2707226276397705,0.861981213092804
ALSFRS_R_FIXED_6_9M,trial_91,1.0,512.0,0.0003657696524749431,0.0,32,Huber,sigmoid,Adam,2.3693947792053223,3.2521557807922363,0.8624643683433533
ALSFRS_R_FIXED_6_9M,trial_90,1.0,512.0,0.0003744567064777207,0.0,32,Huber,sigmoid,Adam,2.3695502281188965,3.2093117237091064,0.867287278175354
ALSFRS_R_FIXED_6_9M,trial_55,1.0,512.0,0.0002812507746805231,1.0,32,Huber,sigmoid,Adam,2.3299710750579834,3.2054123878479004,0.8665223717689514
ALSFRS_R_FIXED_6_9M,trial_12,1.0,512.0,0.0002048398119129725,1.0,32,Huber,sigmoid,Adam,2.348306179046631,3.2025210857391357,0.8672065734863281
ALSFRS_R_FIXED_6_9M,trial_83,1.0,512.0,0.0004778909528634702,1.0,32,Huber,sigmoid,Adam,2.3581337928771973,3.1757893562316895,0.8696513175964355
ALSFRS_R_FIXED_6_9M,trial_84,1.0,512.0,0.00047498539719915836,1.0,32,Huber,sigmoid,Adam,2.3618626594543457,3.261629104614258,0.8621103763580322
ALSFRS_R_FIXED_6_9M,trial_2,3.0,32.0,8.273966237272279e-05,0.0,128,MAE,tanh,Adam,18.234342575073242,20.221723556518555,-3.9074230194091797
ALSFRS_R_FIXED_6_9M,trial_41,1.0,512.0,0.00023789037875388444,1.0,32,Huber,sigmoid,Adam,2.377594470977783,3.21612811088562,0.8660147786140442
ALSFRS_R_FIXED_6_9M,trial_13,1.0,512.0,0.00026793997876666475,1.0,32,Huber,sigmoid,Adam,2.377413272857666,3.2463467121124268,0.863161027431488
ALSFRS_R_FIXED_6_9M,trial_71,1.0,512.0,0.000286963602921009,1.0,32,Huber,sigmoid,Adam,2.3556692600250244,3.215383291244507,0.8657898902893066
ALSFRS_R_FIXED_6_9M,trial_85,1.0,512.0,0.0006712193597062704,1.0,32,Huber,sigmoid,Adam,2.4069533348083496,3.3149824142456055,0.8571862578392029
ALSFRS_R_FIXED_6_9M,trial_3,1.0,256.0,0.0005800785820034358,1.0,16,MSE,ReLU,Adam,3.1449151039123535,4.0240936279296875,0.7741737961769104
ALSFRS_R_FIXED_6_9M,trial_82,1.0,512.0,0.0003048259862970086,1.0,32,Huber,sigmoid,Adam,2.3488988876342773,3.2201545238494873,0.8654154539108276
ALSFRS_R_FIXED_6_9M,trial_4,3.0,256.0,0.00046298242777197216,1.0,64,Huber,ReLU,Adam,2.9785499572753906,3.959841728210449,0.8029634952545166
ALSFRS_R_FIXED_6_9M,trial_32,1.0,512.0,0.00021512427900582953,1.0,32,Huber,sigmoid,Adam,2.36582088470459,3.215794086456299,0.8658683896064758
ALSFRS_R_FIXED_6_9M,trial_61,1.0,512.0,0.0003047839366954828,1.0,32,Huber,sigmoid,Adam,2.3757553100585938,3.259708881378174,0.8620525598526001
ALSFRS_R_FIXED_6_9M,trial_92,1.0,512.0,0.00039936751699620363,0.0,32,Huber,sigmoid,Adam,2.380992889404297,3.2549164295196533,0.8625863790512085
ALSFRS_R_FIXED_6_9M,trial_33,1.0,512.0,0.00029495714672422624,1.0,32,Huber,sigmoid,Adam,2.3401412963867188,3.2082841396331787,0.8666929602622986
ALSFRS_R_FIXED_6_9M,trial_94,1.0,512.0,0.00056469534543317,0.0,32,Huber,sigmoid,Adam,2.3962905406951904,3.2371397018432617,0.8651246428489685
ALSFRS_R_FIXED_6_9M,trial_73,1.0,512.0,0.00041518909152297805,1.0,32,Huber,sigmoid,Adam,2.3827767372131348,3.2090282440185547,0.8666568994522095
ALSFRS_R_FIXED_6_9M,trial_1,2.0,256.0,0.0002407525270897914,0.0,16,MSE,tanh,Adam,2.855675458908081,3.779615879058838,0.7885878086090088
ALSFRS_R_FIXED_6_9M,trial_6,3.0,512.0,0.00011543423957780408,1.0,16,Huber,ReLU,Adam,2.9268007278442383,3.878009557723999,0.7870131134986877
ALSFRS_R_FIXED_6_9M,trial_42,1.0,512.0,0.00034221615471268776,1.0,32,Huber,sigmoid,Adam,2.369532585144043,3.2293760776519775,0.8650699257850647
ALSFRS_R_FIXED_6_9M,trial_11,1.0,512.0,0.00016157379324443404,1.0,32,Huber,sigmoid,Adam,2.3755252361297607,3.25044584274292,0.8628422617912292
ALSFRS_R_FIXED_6_9M,trial_16,1.0,512.0,0.0006144196743171024,1.0,32,Huber,sigmoid,Adam,2.3600857257843018,3.240933656692505,0.8645694255828857
ALSFRS_R_FIXED_6_9M,trial_27,1.0,512.0,0.0009052402751484212,1.0,32,Huber,sigmoid,Adam,2.337110757827759,3.2284352779388428,0.8647142648696899
ALSFRS_R_FIXED_6_9M,trial_44,1.0,512.0,0.0005318358732238003,1.0,32,Huber,sigmoid,Adam,2.394390106201172,3.22973370552063,0.8651896715164185
ALSFRS_R_FIXED_6_9M,trial_9,2.0,32.0,5.92312609352285e-05,0.0,16,MAE,ReLU,Adam,3.5029876232147217,4.549890995025635,0.7094104290008545
ALSFRS_R_FIXED_6_9M,trial_43,1.0,512.0,0.0004865647802997145,1.0,32,Huber,sigmoid,Adam,2.3798909187316895,3.2482078075408936,0.8633690476417542
ALSFRS_R_FIXED_6_9M,trial_81,1.0,512.0,0.000291375436270049,1.0,32,Huber,sigmoid,Adam,2.3652985095977783,3.222355365753174,0.8651161193847656
ALSFRS_R_FIXED_6_9M,trial_0,2.0,32.0,1.2134451031135103e-05,0.0,64,MAE,ReLU,Adam,13.70496940612793,15.4288969039917,-1.9715324640274048
ALSFRS_R_FIXED_6_9M,trial_21,1.0,512.0,0.00018136197657276515,1.0,32,Huber,sigmoid,Adam,2.3554177284240723,3.2355117797851562,0.8639373183250427
ALSFRS_R_FIXED_6_9M,trial_17,1.0,512.0,0.00021317843451457453,1.0,32,Huber,sigmoid,Adam,2.361917495727539,3.215628147125244,0.866172194480896
ALSFRS_R_FIXED_6_9M,trial_10,1.0,512.0,0.00018282277799897575,1.0,32,Huber,sigmoid,Adam,2.360931873321533,3.2252790927886963,0.8652828335762024
ALSFRS_R_FIXED_15_18M,trial_53,2.0,512.0,0.00012674053050274758,0.0,16,Huber,sigmoid,Adam,4.325438976287842,5.502620220184326,0.6989943981170654
ALSFRS_R_FIXED_15_18M,trial_96,2.0,512.0,0.00019529179367521225,0.0,16,Huber,sigmoid,Adam,4.325196743011475,5.507153034210205,0.6989740133285522
ALSFRS_R_FIXED_15_18M,trial_31,2.0,512.0,0.0001359098168735627,0.0,16,Huber,sigmoid,Adam,4.329789161682129,5.5158281326293945,0.6972566843032837
ALSFRS_R_FIXED_15_18M,trial_63,2.0,512.0,0.00011916308169173333,0.0,16,Huber,sigmoid,Adam,4.330113887786865,5.5257134437561035,0.6967912912368774
ALSFRS_R_FIXED_15_18M,trial_97,2.0,512.0,0.00012300497756325253,0.0,16,Huber,sigmoid,Adam,4.31673526763916,5.506335258483887,0.698148787021637
ALSFRS_R_FIXED_15_18M,trial_64,2.0,512.0,9.068849440267736e-05,0.0,16,Huber,sigmoid,Adam,4.3843183517456055,5.579398155212402,0.6904920339584351
ALSFRS_R_FIXED_15_18M,trial_15,2.0,512.0,0.0002710942712433737,0.0,64,MAE,sigmoid,Adam,4.359452724456787,5.6189069747924805,0.7316430807113647
ALSFRS_R_FIXED_15_18M,trial_12,3.0,64.0,0.0006532980006082178,0.0,64,Huber,sigmoid,Adam,7.814241409301758,9.683677673339844,0.20294249057769775
ALSFRS_R_FIXED_15_18M,trial_24,2.0,512.0,0.00014639772343749065,0.0,16,Huber,sigmoid,Adam,4.296103477478027,5.481132507324219,0.7010429501533508
ALSFRS_R_FIXED_15_18M,trial_23,2.0,512.0,0.0001613488012356864,0.0,16,Huber,sigmoid,Adam,4.234168529510498,5.3999762535095215,0.7102470993995667
ALSFRS_R_FIXED_15_18M,trial_77,2.0,512.0,0.00023438394903693656,0.0,16,Huber,sigmoid,Adam,4.274136543273926,5.430190086364746,0.7069424986839294
ALSFRS_R_FIXED_15_18M,trial_83,2.0,512.0,0.00011069660587217432,0.0,16,Huber,sigmoid,Adam,4.307433605194092,5.494143962860107,0.6998531818389893
ALSFRS_R_FIXED_15_18M,trial_84,2.0,512.0,0.00012014147527090132,0.0,16,Huber,sigmoid,Adam,4.27901029586792,5.434035778045654,0.7067239880561829
ALSFRS_R_FIXED_15_18M,trial_2,3.0,512.0,4.5494568838966214e-05,1.0,64,MSE,tanh,Adam,14.5045804977417,17.173555374145508,-1.5068566799163818
ALSFRS_R_FIXED_15_18M,trial_41,2.0,512.0,9.669604838709764e-05,0.0,16,Huber,sigmoid,Adam,4.307469844818115,5.497588634490967,0.6995001435279846
ALSFRS_R_FIXED_15_18M,trial_22,2.0,512.0,0.00045646036097513634,0.0,16,Huber,sigmoid,Adam,4.086534023284912,5.18952751159668,0.732040524482727
ALSFRS_R_FIXED_15_18M,trial_25,2.0,512.0,6.900641201314669e-05,0.0,16,Huber,sigmoid,Adam,4.389928340911865,5.594509124755859,0.6890803575515747
ALSFRS_R_FIXED_15_18M,trial_14,3.0,256.0,1.124697366010393e-05,0.0,64,Huber,ReLU,Adam,4.84665060043335,6.05073356628418,0.688810408115387
ALSFRS_R_FIXED_15_18M,trial_71,2.0,512.0,0.0001362229403871528,0.0,16,Huber,sigmoid,Adam,4.248306751251221,5.386875152587891,0.711412787437439
ALSFRS_R_FIXED_15_18M,trial_85,2.0,512.0,0.00015665688642072415,0.0,16,Huber,sigmoid,Adam,4.371410369873047,5.574258804321289,0.6904361248016357
ALSFRS_R_FIXED_15_18M,trial_3,3.0,512.0,1.3706475869775453e-05,0.0,64,MAE,ReLU,Adam,3.5248911380767822,4.501425743103027,0.8277698755264282
ALSFRS_R_FIXED_15_18M,trial_4,3.0,128.0,1.1303046905043888e-05,1.0,16,MSE,tanh,Adam,23.78974723815918,25.232593536376953,-5.800416946411133
ALSFRS_R_FIXED_15_18M,trial_32,2.0,512.0,6.293068746650147e-05,0.0,16,Huber,sigmoid,Adam,4.349186897277832,5.543148517608643,0.6944388747215271
ALSFRS_R_FIXED_15_18M,trial_95,2.0,512.0,0.0001733884909756355,0.0,16,Huber,sigmoid,Adam,4.3055195808410645,5.44688606262207,0.7045984864234924
ALSFRS_R_FIXED_15_18M,trial_61,2.0,512.0,8.880118116399377e-05,0.0,16,Huber,sigmoid,Adam,4.282850742340088,5.448338985443115,0.7049756050109863
ALSFRS_R_FIXED_15_18M,trial_92,2.0,512.0,0.00010472556928238517,0.0,16,Huber,sigmoid,Adam,4.307356834411621,5.4909443855285645,0.6996983885765076
ALSFRS_R_FIXED_15_18M,trial_33,2.0,512.0,5.7488932448964046e-05,0.0,16,Huber,sigmoid,Adam,4.4298415184021,5.638975620269775,0.6835263967514038
ALSFRS_R_FIXED_15_18M,trial_94,2.0,512.0,0.00014013413667494432,0.0,16,Huber,sigmoid,Adam,4.276605606079102,5.423737525939941,0.707307755947113
ALSFRS_R_FIXED_15_18M,trial_51,2.0,512.0,0.00012934783741101676,0.0,16,Huber,sigmoid,Adam,4.3057732582092285,5.462754726409912,0.7032564878463745
ALSFRS_R_FIXED_15_18M,trial_1,2.0,512.0,5.378227312588745e-05,0.0,32,MSE,tanh,Adam,5.813092231750488,7.733664035797119,0.4627007842063904
ALSFRS_R_FIXED_15_18M,trial_74,2.0,512.0,7.596951046302271e-05,0.0,16,Huber,sigmoid,Adam,4.394149303436279,5.590673446655273,0.6893391013145447
ALSFRS_R_FIXED_15_18M,trial_6,2.0,128.0,0.00010823749762609571,0.0,16,MSE,tanh,Adam,7.369490623474121,8.99327564239502,0.18679657578468323
ALSFRS_R_FIXED_15_18M,trial_42,2.0,512.0,8.912877962006714e-05,0.0,16,Huber,sigmoid,Adam,4.241804599761963,5.380127906799316,0.7122982144355774
ALSFRS_R_FIXED_15_18M,trial_8,1.0,128.0,3.7953263411977195e-05,1.0,128,MAE,ReLU,Adam,21.218564987182617,23.3612060546875,-3.6387343406677246
ALSFRS_R_FIXED_15_18M,trial_11,3.0,64.0,0.000769555533790354,0.0,64,Huber,sigmoid,Adam,7.320906162261963,9.146080017089844,0.28898459672927856
ALSFRS_R_FIXED_15_18M,trial_20,2.0,512.0,0.0001847310893117311,0.0,16,Huber,sigmoid,Adam,4.2643632888793945,5.3968505859375,0.7093073725700378
ALSFRS_R_FIXED_15_18M,trial_18,2.0,512.0,0.0004689863892200637,0.0,16,Huber,sigmoid,Adam,4.027398586273193,5.112483024597168,0.7401659488677979
ALSFRS_R_FIXED_15_18M,trial_27,2.0,512.0,6.699488652715071e-05,0.0,16,Huber,sigmoid,Adam,4.34393835067749,5.565760135650635,0.6922863125801086
ALSFRS_R_FIXED_15_18M,trial_9,1.0,32.0,3.8675159063500827e-05,0.0,128,MAE,ReLU,Adam,23.397680282592773,25.519041061401367,-4.535256385803223
ALSFRS_R_FIXED_15_18M,trial_81,2.0,512.0,9.461015399190297e-05,0.0,16,Huber,sigmoid,Adam,4.292271137237549,5.457806587219238,0.7043141722679138
ALSFRS_R_FIXED_15_18M,trial_75,2.0,512.0,0.00016155889218137157,0.0,16,Huber,sigmoid,Adam,4.348482131958008,5.512475967407227,0.6980770230293274
ALSFRS_R_FIXED_15_18M,trial_72,2.0,512.0,0.00015934760932899736,0.0,16,Huber,sigmoid,Adam,4.327977657318115,5.5164899826049805,0.6967076063156128
ALSFRS_R_FIXED_15_18M,trial_0,2.0,256.0,0.00012318284260223115,1.0,128,MAE,ReLU,Adam,5.104757308959961,6.394551753997803,0.6524404287338257
ALSFRS_R_FIXED_15_18M,trial_19,2.0,512.0,0.00019541104333583713,0.0,16,MAE,sigmoid,Adam,4.206615924835205,5.352247714996338,0.7155344486236572
ALSFRS_R_FIXED_15_18M,trial_21,2.0,512.0,0.000148908347389019,0.0,16,Huber,sigmoid,Adam,4.267885208129883,5.424889087677002,0.7069513201713562
ALSFRS_R_FIXED_15_18M,trial_28,2.0,256.0,8.551812229045526e-05,0.0,16,Huber,sigmoid,Adam,4.71389627456665,5.9936604499816895,0.6439054608345032
ALSFRS_R_FIXED_15_18M,trial_10,3.0,64.0,0.0009136673251486044,0.0,64,Huber,sigmoid,Adam,5.4203877449035645,6.8686933517456055,0.5989880561828613
